ClienteID,Nombre,Dirección,Zona,Horario
9100681586,AREA TRUCK ( SHELL ),CARRER SUSQUEDA 18,VIC,
9100673632,AREA VIC BP,Carrer Torelló 57,VIC,
9100648495,ZONA DIESEL URBAN,CALLE MATARO S/N,VIC,
9100642823,CAFETERIA PRADALS,CTRA. SANT HIPÒLIT 61,VIC,
9100684868,AURIAL PADEL,Carrer de Figueres 14,VIC,
9100582033,HOSPITAL DE VIC CAFETERIA,Carrer de Francesc Pla el Vigatà 1,VIC,
9100579835,"PANIFICADORA VIC, S.A.",Carrer del Mas de la Móra 9,VIC,
9100577691,"BOTANIC & FRUITS, S.L.",Carrer Santiago Ramon y Cajal 93,VIC,
9100579841,TALLER MECANIC DAVID HOMS,Carrer de Lleida 35,VIC,
9100577732,CAL MARCEL-LI,Avinguda de Pius XII 11,VIC,
9100582097,HOSPITAL DE VIC CUINA,Carrer de Francesc Pla el Vigatà 1,VIC,
9100669635,BAR UE VIC,AVENIDA OLIMPIA S/N,VIC,
9100581337,BAR L'OLLA,CALLE DOCTOR JUNYENT 8,VIC,
9100399521,LA CAFE,CALLE LA LLOTJA 9,VIC,
9100215822,CAFE VIC,Carrer del Pare Coll 2,VIC,
9100159640,FORN SANT MIQUEL,Plaça Major 13,VIC,
9100411152,CINEMES SUCRE,CALLE LA LLOTJA 9,VIC,
9100701789,MIREIA ESTEVEZ CABANILLAS,Carrer de Pruit S/N,VIC,
9100661094,LA GRANJA BAR,Carrer del Bisbe Morgades 31,VIC,
9100642838,INDIA RAMBLA,RAMBLA HOSPITAL 44,VIC,
9100664901,CANTINA IES VIC ST TOMAS,Avinguda de Sant Bernat Calbó 8,VIC,09:00:00 - 10:30:00
9100723046,Vilar Riba - Vic,Carrer de Solsona 2,VIC,
9100700207,CA LA MEI,Rambla del Carme 35,VIC,
9100592884,LA TAGLIATELLA POLIGON,MANLLEU 54,VIC,
9100577728,LLAR JUVENIL,CALLE PIUS XII 20,VIC,
9100416412,RESTAURANT ELS PERNILS,CALLE RIPOLL 67,VIC,
9100353302,BAR PIRINEO,AVENIDA ESTADI 13,VIC,
9100159004,FORN ESTADI,AVENIDA PIUS XII 18,VIC,
9100158975,FORN DE PA EL REMEI,CALLE RAIMON D'ABADAL 23,VIC,
9100158925,VINS I BEGUDES REMEI,CALLE VIRREI AVILES 28,VIC,
9100135277,MIRAMARGES  JOSEP ILLAMOLA VILALTA,CALLE MIRAMARGES 1,VIC,
9100059229,AREA DELS PARDALS-GASOLI,CALLE SABADELL 04-jun,VIC,
9100058850,BAR LA PISTA,CALLE SOLEDAT 4,VIC,
9100689904,CELLER DE VIC,ESCOLA 12,VIC,
9100617812,CAFETERIA VIVARI,RAMBLA PASSEIG 10,VIC,
9100563642,FORN SANT ALBERT,Carrer de Gurb 36,VIC,
9100492927,PIZZERIA TOSCANA,CALLE TORELLO 25,VIC,
9100374429,LA TAVERNA D'EN NORTON,PLAZA PES 6,VIC,
9100343446,RESTAURANTE SOFIA,RODA 95,VIC,
9100253034,CAFETERIA ATREZZO,CALLE ERMITA DE SANT SIXT 11,VIC,11:30:00 - 13:00:00
9100197987,CAN BERNAT,AVENIDA SANT BERNAT CALBO 23,VIC,
9100192841,"CAF# DE LES LLETRES, S.C.P",CALLE SANTA JOAQUIMA DE VEDRUNA 29,VIC,
9100159002,ASSOCIACIO CULTURAL SAGALS D'OSONA,Carretera de Manlleu 7,VIC,
9100158946,FORN DEL CARME,RAMBLA DAVALLADES 21,VIC,
9100158856,FORN CATALUNYA,CALLE DOCTOR JUNYENT S/N,VIC,
9100158828,FORN PUJOLS,CALLE MANLLEU 5,VIC,
9100158696,LLAVORS I CEREALS FONT,CARRETERA PRATS DE LLUÇANES 2,VIC,
9100152300,B&B,CALLE LA LLOTJA 3,VIC,
9100081422,PIZZERIA BRASERIA LA FLAMA,CALLE RIERA 5,VIC,
9100059399,GRANJA XOCOLATERIA''LA CLAU,PLAZA SANTS MARTIRS 12,VIC,
9100636961,Bar La Parada c/ bisbe morgades,CALLE BISBE MORGADES 36,VIC,
9100389358,BAR BOHEMI,PLAZA PIETAT 8,VIC,
129963,TACO BELL VIC,Carretera de Manlleu 90,VIC,
129963,TACO BELL VIC,Carretera de Manlleu 90,VIC,
9100160118,HOTEL BALMES,CALLE FRANCESC PLA EL VIGATA 6,VIC,
9100579824,"PULIT, S.A",Carretera de Roda 61,VIC,
9100738149,JAUME COSTA,Plaça de la Pietat 1,VIC,
9100058481,GARBI 1 CAFET. ALIMENTACIO,RONDA FRANCESC CAMPRODON 5,VIC,
9100058670,FUSSIMANYA ESTADI,CALLE TAGAMANENT 1,VIC,
9100554547,BAR SANTA ANNA,AVENIDA PAISOS CATALANS 82,VIC,
9100206312,E.S VIC,Carretera de Roda 97,VIC,
9100649610,BAR REST EL TAST,RAMON SALA I SAÇALA 15,VIC,
9100666666,LUCKY,Rambla de Sant Domènec 1,VIC,
9100678356,ALASKA BAR,Carrer de Manuel Serra i Moret 4,VIC,
9100735783,SARABÀ,Carrer de Mataró 5,VIC,
9100737400,Bar Gat Negre,Avinguda de l'Abat Marcet 251,TERRASSA,
9100153533,ICE CUSTOM,Carrer de Berenguer III S/N,MOLLET DEL VALLES,07:30:00 - 09:00:00
9100423445,BAR LA MARTINA,CALLE BERENGUER III 58,MOLLET DEL VALLÈS,
9100505447,PRATS PA (ILLA),Plaça Major 9,MOLLET DEL VALLES,
9100138634,EUROMED SA,CALLE REC DE DALT 21-23,MOLLET DEL VALLES,
9100228193,TALLERS CAN MULA,AVENIDA RAFAEL CASANOVA 8,MOLLET DEL VALLES,
9100519725,MARIA LUISA MUÑOZ CARO,CALLE FRANCESC FERRER I GUARDIA 9,MOLLET DEL VALLÈS,
9100519746,SUSANA CARRASCO PALACINO,CALLE JOAQUIM MIR 49,MOLLET DEL VALLÈS,
9100610435,Bar 4 Puertas,Carrer de Can Flequer 17,MOLLET DEL VALLES,
9100621276,BAR NIKOL,Via de Ronda 73,MOLLET DEL VALLÈS,
9100622784,INDUSTRIAS QUIMICAS DEL VALLES,CALLE RAFAEL CASANOVAS 81,MOLLET DEL VALLES,
9100623018,CAL DIBUIXANT,PLAZA PRAT DE LA RIBA 21,MOLLET DEL VALLES,
9100632834,ANDALUS,RAMBLA DE BALMES 16,MOLLET DEL VALLES,
9100639237,BAR OLIMPIC MOLLET,AVENIDA BURGOS 63,MOLLET DEL VALLES,
9100646097,HOPS,PLAZA PRAT DE LA RIBA 20,MOLLET DEL VALLES,
9100646795,FUSSION,PLAZA CATALUNYA 9,MOLLET DEL VALLES,
9100653307,HOLA K TAL,Carrer de Joaquim Mir 53,MOLLET DEL VALLES,
9100686742,BAR CRISTASOL  (Kebab Esquina),Carrer de Joan Maragall 19,MOLLET DEL VALLES,00:00:00 - 18:00:00
9100688668,Kisema,Carrer de Gallecs 71,MOLLET DEL VALLES,00:00:00 - 18:00:00
9100055962,LOS EXTREMEÑOS,RONDA 7,MOLLET DEL VALLES,
9100654473,JUAN MANUEL PEREZ SIERRA,CALLE CAN PARERA 22,MOLLET DEL VALLES,
9100687896,IBERICUS CENTRAL,CALLE PROVENÇA 200,TERRASSA,00:00:00 - 18:00:00
9100646871,IBERICUS CENTRAL,CALLE PROVENÇA 200,TERRASSA,08:00:00 - 13:00:00
9100646871,IBERICUS CENTRAL,CALLE PROVENÇA 200,TERRASSA,08:00:00 - 13:00:00
9100565225,PISCINAS LES CREMADES,CALLE LAS CREMADES S/N,CALDES DE MONTBUI,07:30:00 - 10:00:00
9100582098,HOSPITAL DE MANLLEU CUINA,CARRETERA D'OLOT 7,MANLLEU,
9100582039,ANGEL BRUGUERA FONT,LUGAR BRUGUERA S/N,MANLLEU,
9100453364,TANCAMENTS USART-COMA,Carrer de Doña Blanca 168,MANLLEU,
9100582034,HOSPITAL DE MANLLEU CAFETERIA,Carretera d'Olot 7,MANLLEU,
9100160021,CANSALADERIA MOLIST,CALLE DOCTOR FLEMING 20,MANLLEU,
9100158833,CREPERIA,Plaça de Fra Bernadí 32,MANLLEU,
9100681243,XAVIER LOPEZ CUINA SENSORIAL,CARRER PINTOR GUARDIA 6,MANLLEU,
9100494906,JAUME GIL MARES,Carretera d'Olot 50,MANLLEU,
9100698675,GUERMAN KAZANNIKOV KAZANNIKOV,Carrer de Vélez Rubio 12,BADALONA,
118470,SALA GRANOLLERS (TORRES) – CIRSA,TORRES I BAGES 1-3,GRANOLLERS,
118470,SALA GRANOLLERS (TORRES) – CIRSA,TORRES I BAGES 1-3,GRANOLLERS,
9100614413,CAFE ORIENT EXPRESS,Carrer d'Apel·les Mestres 2,GRANOLLERS,
9100626587,JAVIS 3,CALLE MONTSENY 10,GRANOLLERS,
9100629896,EMPANADA CLUB,CALLE SANT ROC 19,GRANOLLERS,
9100630014,GRANA BAR BY DUMAS,PLAZA JOSEP SERRAT I BONASTRE S/N,GRANOLLERS,
9100638648,BAR RESTAURANTE CAL DAVID,Carrer d'Emili Botey Alsina 22,GRANOLLERS,
9100639032,RESTAURANTE GRAN MURALLA,Carrer de Girona 90,Granollers,
9100647947,PAREDES 4,AVENIDA SANT ESTEVE 35,GRANOLLERS,
9100702482,TAPES GRANOLLERS PICA VINS,Carrer de Girona 4,GRANOLLERS,00:00:00 - 18:00:00
127151,SALON GRANOLLERS MACIA - CIRSA,CALLE FRANCESC DE MACIÃ€ I LLUSS 44,GRANOLLERS,
127151,SALON GRANOLLERS MACIA - CIRSA,CALLE FRANCESC DE MACIÃ€ I LLUSS 44,GRANOLLERS,
9100226319,BUSSINETS DE CUINA,CALLE CONESTABLE DE PORTUGAL 13,GRANOLLERS,
9100621389,BAR LA CANTINA,CALLE EMILI BOTEY ALSINA 24,GRANOLLERS,07:00:00 - 10:00:00
9100651895,KUMAR DONNER KEBAB PIZZERIA,Rambla Josep Tarradellas 5,GRANOLLERS,
9100696143,LOS TERESITOS,Carrer Llevant 2,MONTCADA I REIXAC,
9100772092,Roberto Ferrando Martínez,Passeig del Pitort 103,CASTELLDEFELS,
9100378510,BAR LA CAVERNA,ARAGON 12,FRANQUESES DEL VALLES (LES),
9100432797,FLECA BRETCHA (CORRO D'AVALL),"CARRETERA DE RIBES, N-152 131",LES FRANQUESES DEL VALLÈS,
9100373615,EL FORNET (GRANOLLERS),CALLE SANTA ESPERAN#A 11,GRANOLLERS,
9100042719,EL MIRALLET,PLAZA PORXADA 39,GRANOLLERS,
9100291002,CELLER DEL FERRER,CALLE JOAN PRIM 177,GRANOLLERS,00:00:00 - 00:00:00
9100469494,BAR EL VERMUTILLO II,CALLE SANT JOSEP 5,GRANOLLERS,
9100620561,FORNO DI CAFFE VIVALDI,CALLE DE CORRO 192,GRANOLLERS,
9100629126,DONNER POMPEU FABRA,Carrer de Pompeu Fabra 15,GRANOLLERS,13:00:00 - 20:00:00
9100645312,IBERICUS GRANOLLERS,CALLE SANT ROC 29,GRANOLLERS,
9100645312,IBERICUS GRANOLLERS,CALLE SANT ROC 29,GRANOLLERS,
9100731938,LA PEDREGADA,Avinguda del camí de la fontsan S/N,SANT PERE DE TORELLÓ,
9100694999,EL BISTROT DEL FIRAL,Plaça Sant Fortià 2,TORELLÓ,
9100613076,LOS CUESTAS,Carrer Joaquim Blume 13,SANT FOST DE CAMPSENTELLES,
9100615213,CLUB ESPORTIU LLIÇA D'AMUNT,AVENIDA PAISOS CATALANS S/N,LLIÇÀ D'AMUNT,07:00:00 - 08:15:00
9100617121,BAR PICASSO,PLAZA PAU PICASSO 9,MONTORNÈS DEL VALLÈS,
9100622604,VALLES DONER KEBAB,Avinguda de l'Onze de Setembre 36,MONTORNÈS DEL VALLÈS,
9100626406,BAR STARS,PLAZA MOSSEN PERE BATLLE 9,PARETS DEL VALLES,
9100641568,LA GIRALDA,Carrer de Joan XXIII 4,MARTORELLES,
9100642392,UBOX 2015,Passeig de la Conca de Besòs 33,GRANOLLERS,
9100643360,Madow Shisha Lounge,Carrer d'Anselm Clavé 70,LLIÇÀ D'AMUNT,
9100645053,RESTAURANTE EL CAU,B-500 Km 6,SANT FOST DE CAMPSENTELLE,
9100650953,AMBIGU,Carrer Major 64,MONTORNÈS DEL VALLÈS,
9100650976,JJ BAR,Avinguda de la Mare de Déu de Mo 26,MONTORNÈS DEL VALLÈS,
9100651605,PIZZERIA KEBAB MIL.LENARI,PLAZA MIL.LENARI 8,MONTMELÓ,
9100652617,PADEL INDOOR GRANOLLERS,Avinguda de Sant Julià 201,GRANOLLERS,
9100669500,Bar Restaurant Tres Roses,Carrer de Mary Santpere 1,PARETS DEL VALLES,00:00:00 - 18:00:00
9100683728,KIWI,Carrer Lluís Companys 4,MONTMELÓ,
9100700812,SUPER NABILA PARETS,Carrer de Conestable de Portugal 8,PARETS DEL VALLES,00:00:00 - 18:00:00
9100735784,LA DISCO VIG,Avinguda de la Ribera 6,GURB,
9100658240,BAR CAMP FUTBOL ST PERE TORELLO,Carretera BV-5224 1,SANT PERE DE TORELLÓ,
9100670575,EL REBOST DE L'ISABEL,Carrer Matagalls 75,LES MASIES DE VOLTREGÀ,
9100742665,EL 9 LLAC,CARRETERA N260 KM.118 KM 118,RIBES DE FRESER,
9100159110,FORN PUIGVENDRELLO,CALLE BARCELONA 10,TONA,
9100121555,FUTBOL STA. EULALIA,CALLE NOU S/N,SANTA EULÀLIA DE RIUPRIMER,
9100529186,BAR CAMP FUTBOL ST VICENÇ TORELLO,CALLE VILAMITJANA S/N,SANT VICENÇ DE TORELLÓ,
9100528087,CAL JUTGE,CALLE GRACIA 12,ORÍS,
9100517311,CASAL GENT GRAN ST.VICENÇ TORELLO,PLAZA CAL FERRER 14,SANT VICENÇ DE TORELLÓ,
9100513817,FERRO,Carrer del Ter 172,TORELLÓ,
9100378362,BAR CASAL ST. VICEN#,CALLE MAJOR 4,SANT VICEN# DE TORELLO,
9100369663,RESTAURANT LA BISAURA,CARRETERA VIDRA 2,SANT QUIRZE DE BESORA,
9100281570,ENGRUNA POUSA,CALLE CAN CASARRAMONA 26,TORELLÓ,
9100159884,FORN CAN COMA,CARRETERA BERGA 31,SANT QUIRZE DE BESORA,
9100159296,FORN PUJADES,PLAZA LA SARDANA S/N,TORELLÓ,
9100126286,BAR TORNEM-HI,CALLE GIRONA 33,TORELLÓ,
9100122181,CAL NAN,CALLE ENRIC PRAT DE LA RIBA 7,TORELLÓ,
9100110641,FONDA VILASECA,Carrer de Vila-Seca 12,Vila-seca,
9100577666,COCA DEL MOSSEN,Avinguda de l'Atlàntida 8,FOLGUEROLES,
9100577666,COCA DEL MOSSEN,Avinguda de l'Atlàntida 8,FOLGUEROLES,
9100282736,FORN ANTIGA CASA PRAT,Carrer del Bisbe Castanyer 15,SANT PERE DE TORELLÓ,
9100572141,BAR DE LA BENZINERA,CARRETERA N-141 D S/N,CALLDETENES,
9100433466,RESTAURANT EL SANTUARI,CALLE MARQUES DE PALMEROLA 7,LES MASIES DE VOLTREGÀ,
9100220279,CELLER CALLDETENES,CALLE GRAN 1,CALLDETENES,
9100160124,BAR ESTACIO SERVEI FEIXES AULET ROD,Carrer d'en Bac de Roda 45,RODA DE TER,
9100397795,PADEL OSONA GURB,CALLE SANT ROC 29,GURB,
9100059032,RESTAURANT CAN JUBANY,CARRETERA SANT HILARI S/N,CALLDETENES,
9100122540,FRANKFURT ES-3,CALLE VERDAGUER 2,SANT PERE DE TORELLÓ,
9100255064,HOSTAL NOU,LUGAR HOSTAL NOU 1,GURB,
9100058278,PENSIO EL TREVOL,CALLE SANT BARTOMEU 34,TORELLÓ,
9100577693,RESTAURANT LA FERRERIA,"AVENIDA BALNEARI, S/N S/N",TONA,
9100041762,RSTE. EL JARDI,MAJOR 1,PARETS DEL VALLES,00:00:00 - 00:00:00
9100044050,SUPERMERCAT MAJOR,MAJOR 70,MONTORNES DEL VALLES,
9100054518,AGROBOTIGA DE GALLECS,"PORXO CAN XAMBRERS, S/N -",GALLECS,
9100184803,TANCAMENTS,CALLE GARRAF 5,LLI#A DE VALL,
9100601539,CORBION,CALLE GRAN VIAL 19-25,MONTMELÓ,
9100381913,LA ROCA VILLAGE RTE PASARELA (GVC),Centro Comercial La Roca Villag S/N,SANTA AGNES DE MALANYANES,10:00:00 - 13:00:00
9100579833,PASTISSERIA CROSSANDRA,CALLE NURIA 12,SANT JULIÀ DE VILATORTA,
9100206314,ANTIC FORN RIERA CENTELLES,CALLE SOCOS 20,CENTELLES,
9100648393,BAR TREBOL,Carrer de Sant Agustí 13,SANT HIPÒLIT DE VOLTREGÀ,
9100597817,BIG BAG,PLAZA VELLA 11,TORELLÓ,
9100652762,RESTAURANT CAL PAGES,CALLE GES D'AVALL 4,TORELLÓ,
9100159533,RESTAURANT ELS AVETS,Carrer Barcelona 1,LES MASIES DE VOLTREGÀ,
9100041008,BAR YUMEI II,Ponent 59,GRANOLLERS,
9100450636,CLUB PADEL MONTMELO,CALLE FOLCH I TORRES S/N,MONTMELÓ,
9100468310,FLECA BRETCHA (LLIÇA DE MUNT),CARRETERA DE PARETS A BIGUES I KM 8,LLIÇA DE MUNT,
9100493210,CELLER DE CAN RODA,BV-5006 5006,SANTA MARIA DE MARTORELLES,
9100299260,CHATARRAS MOLICAL  SL,CALLE CARRERADA 1,MARTORELLES,
9100514207,SONIA FRANCAS SANTIAGO,CALLE DOCTOR FERRAN 3,MONTMELÓ,
9100055266,CASAL AVIS MASIA CAN CARRANCA JUNTA,MASIA CAN CARRANCA S/N -,MARTORELLES,
9100042975,BAR CLEMEN'S,JOANOT MARTORELL 32,GRANOLLERS,07:00:00 - 11:30:00
9100281245,BONATAPA,Avinguda de Catalunya 111,PARETS DEL VALLES,00:00:00 - 00:00:00
9100054533,VENDES MAGATZEM,CAN FENOSA 1-2 -,MARTORELLES,
9100268368,CAN MOREU,CALLE TORRENT DE CAN NINOU 1,PARETS DEL VALLES,
9100054998,EUROPA BAR,Avinguda de la Llibertat 30,MOLLET DEL VALLES,
9100424060,BAR GRANJA VINZIA,CALLE GAIETA VINZIA 76,MOLLET DEL VALLÈS,07:30:00 - 12:30:00
9100424060,BAR GRANJA VINZIA,CALLE GAIETA VINZIA 76,MOLLET DEL VALLÈS,07:30:00 - 12:30:00
9100444038,PA I CAFETERIA L'AVIA ESTACION,JOAN MARAGALL 17,MOLLET DEL VALLÈS,
9100350872,RESTAURANT KENFIR,CALLE JOAQUIM MIR 57,MOLLET DEL VALLES,
9100350872,RESTAURANT KENFIR,CALLE JOAQUIM MIR 57,MOLLET DEL VALLES,
9100631930,EL RINCON DEL SOCIO,CALLE GALLECS 50,MOLLET DEL VALLES,
9100660484,EL RACO DEL MERCAT,Avinguda de la Llibertat 12,MOLLET DEL VALLES,
9100663784,TENTACION II,RAMBLA POMPEU FABRA 40,MOLLET DEL VALLES,
9100686343,Pool,Passatge Sant Miquel 10,MOLLET DEL VALLES,09:00:00 - 09:30:00
9100733360,EL REFUGIO,Rambla de Pompeu Fabra 14,MOLLET DEL VALLES,
9100745447,BAR ACROPOLIS,CALLE CAN PANTIQUET 22,MOLLET DEL VALLES,
9100756398,NOU CUSTOM BAR CAFETERÍA,Passatge Sant Miquel 10,MOLLET DEL VALLES,
9100762714,RENFE NORD CANTINA,CALLE JOAN MARAGALL S/N,MOLLET DEL VALLES,
9100765744,BAR BY DUNAS MOLLET,Ronda d'Orient 1,MOLLET DEL VALLES,
9100767546,BAR BY DUMAS MOLLET,Ronda d'Orient 1,MOLLET DEL VALLES,
9100055977,CANTINA RENFE SANT FOST,Ronda d'Orient 1,MOLLET DEL VALLES,
9100055145,CANSALADERIA CAN MAGRET,AVENIDA JAUME I 166,MOLLET DEL VALLES,
9100373406,CTRO.ELS TIL.LERS,CARRETERA C-17 S/N,MOLLET DEL VALLES,
119751,BK MOLLET,AVENIDA RABASSAIRES 40,MOLLET DEL VALLÈS,
119751,BK MOLLET,AVENIDA RABASSAIRES 40,MOLLET DEL VALLÈS,
119751,BK MOLLET,AVENIDA RABASSAIRES 40,MOLLET DEL VALLÈS,
119751,BK MOLLET,AVENIDA RABASSAIRES 40,MOLLET DEL VALLÈS,
119751,BK MOLLET,AVENIDA RABASSAIRES 40,MOLLET DEL VALLÈS,
119751,BK MOLLET,AVENIDA RABASSAIRES 40,MOLLET DEL VALLÈS,
9100111065,CAN PRAT RESTAURANT,Avinguda de Can Prat s/n,MOLLET DEL VALLES,10:00:00 - 12:00:00
9100690441,NETSTAL IBERICA SA,CL QUARTER NORD 1,MOLLET DEL VALLES,
9100433502,DISTRIBUIDORA DE PRODUCTOS NATURALE,CALLE FERRO 33,MOLLET DEL VALLES,
103154,EUREST COLECTIVIDADES (MERCK),"P.I. CAN MAGAROLA, CTRA. NAC 152, K",MOLLET DEL VALLES,
103154,EUREST COLECTIVIDADES (MERCK),"P.I. CAN MAGAROLA, CTRA. NAC 152, K",MOLLET DEL VALLES,
9100054573,SABOR MANABITA (COSTAVERDE),CALLE ANSELM CLAVE 43,MOLLET DEL VALLES,
9100054762,PRATS PA,AVENIDA CALDERO 48,MOLLET DEL VALLES,
9100054848,LA GOLOSA BAR,Carrer de Marià Fortuny 38,MOLLET DEL VALLES,
9100054935,PENYA BARCELONISTA DE MOLLET,Carrer de Lluís Duran 20,MOLLET DEL VALLES,17:00:00 - 21:00:00
9100055101,U.D. MOLLETENSE,Avinguda Badalona 18,MOLLET DEL VALLES,17:00:00 - 18:00:00
9100055108,LA TASCA BAR,CALLE FRANCESC MACIA 51,MOLLET DEL VALLES,12:30:00 - 15:00:00
9100055221,CA LA MARI ROSTISERIA,CALLE ONZE DE SETEMBRE 26,MOLLET DEL VALLES,00:00:00 - 00:00:00
9100055265,BRACAFE,CALLE GAIETA VINZIA 11,MOLLET DEL VALLES,
9100055505,CAFETERIA ESCLAT,NICARAGUA S/N -,MOLLET DEL VALLES,
9100055626,MANEL BAR,AVENIDA LLIBERTAT 14,MOLLET DEL VALLES,
9100055679,CUENCA BAR,CALLE GAIETA VINZIA 81,MOLLET DEL VALLES,
9100056090,FAMILY GRANJA BAR,FRANCESC CAMBO 21 -,MOLLET DEL VALLES,
9100056113,CAN RAJOLER,CALLE MOSSOS D'ESQUADRA 4,MOLLET DEL VALLES,
9100056124,GRANJA CORAL,CALLE PAU CLARIS 19,MOLLET DEL VALLES,
9100059602,MANJARI,Carrer de Joan Brossa 7,MOLLET DEL VALLES,
9100076081,ANDALUCIA BAR RTE.(C.11 SETEMBRE),CALLE ONZE DE SETEMBRE 28,MOLLET DEL VALLES,
9100135772,BAR EL DOFI,Carrer de Saragossa 1,MOLLET DEL VALLES,
9100150731,ESTANCO MOLLET 3,CALLE BERENGUER III 57,MOLLET DEL VALLES,
9100153532,CAN BOADA RESTAURANT,BERENGUER III 98,MOLLET DEL VALLES,
9100178455,PLAZA DONER KEBAB,ITALIA 46,MOLLET DEL VALLES,
9100338332,BAR GRANADA,RONDA ORIENT 8,MOLLET DEL VALLES,
9100413328,RECO DE LAURA,CALLE FRANCESC MACIA 89,MOLLET DEL VALLÈS,
9100466233,BAR KARAI,CALLE LA RIERA 13,MOLLET DEL VALLES,
9100470966,TASTY DONNER KEBAB,RAMBLA POMPEU FABRA 10,MOLLET DEL VALLES,
9100040775,RSTE. YOLANDA,Antoni Gaudi 10,MOLLET DEL VALLES,
9100054707,HOMER BAR GRANJA,Carrer de Jaume Coll 3,MOLLET DEL VALLES,
9100054708,BCC LOUNGE,PASAJE LA PAU S/N,MOLLET DEL VALLES,
9100054841,BAR BRANNINGAM,RAMBLA POMPEU FABRA 7,MOLLET DEL VALLES,
9100054856,CAFETERIA TAHOMA,CALLE GALLECS 58,MOLLET DEL VALLES,
9100054872,BAR CASA PEDRO,CALLE CAN PANTIQUET 26,MOLLET DEL VALLES,
9100054896,CAFÉ PLAÇA,Plaça de Prat de la Riba 11,MOLLET DEL VALLES,
9100054949,XARRUP BAR,Avinguda de Rivoli 24,MOLLET DEL VALLES,
9100054994,COLLA DELS MORATS,CERVANTES 19-23,MOLLET DEL VALLES,
9100055030,GRAN EMPERADOR RESTAURANTE CHINO,CALLE GALLECS 64,MOLLET DEL VALLES,
9100055144,PARAISO BAR,AVENIDA CALDES DE MONTBUI 18,MOLLET DEL VALLES,
9100055194,DAVID FORN DE PA I PASTISSERIA,CALLE JAUME COLL 9,MOLLET DEL VALLES,
9100055251,RIVOLI CERVECERIA,AGRICULTURA 9,MOLLET DEL VALLES,
9100055620,MARFA BAR,PRAT DE LA RIBA 13,MOLLET DEL VALLES,00:00:00 - 00:00:00
9100055707,JULIS BAR,CALLE PERE RAMON 1,MOLLET DEL VALLES,
9100055836,ORRIOLS FORN DE PA,Plaça de Prat de la Riba 12,MOLLET DEL VALLES,
9100056034,FORN DE PA EMY,CALLE AGRICULTURA 18,MOLLET DEL VALLES,
9100075764,NOU CAPRICCIO,CALLE SALVADOR ESPRIU 30,MOLLET DEL VALLES,
9100120690,CAN OLIVER BAR,CALLE CLAUDI ARAÑO I ARAÑO 17,MOLLET DEL VALLES,
9100121589,RTE CHINO TA HAO MEN,AVENIDA ANTONI GAUDI 30-32,MOLLET DEL VALLES,11:30:00 - 13:00:00
9100126935,AAVV SANTA ROSA,Passatge de l'Ombra 1,MOLLET DEL VALLÈS,
9100129133,SA I FRESC RESTAURANT,AVENIDA RABASSAIRES 46-50,MOLLET DEL VALLES,
9100239655,LA PINYA BAR,AVENIDA JAUME I 3-5,MOLLET DEL VALLES,
9100246685,ESTANC MOLLET 2,CALLE AGRICULTURA 37,MOLLET DEL VALLES,
9100326765,PAQUI FORN DE PA,AVENIDA ANTONI GAUDI 46,MOLLET DEL VALLES,07:00:00 - 14:00:00
9100353152,NUEVO VITORINO,CAN MOLLET 1,MOLLET DEL VALLES,
9100366443,BAR MEJIAS,CALLE ENRIC MORERA 37,MOLLET DEL VALLES,
9100371825,TINO FRANKFURT,AVENIDA JAUME I 154,MOLLET DEL VALLES,
9100371825,TINO FRANKFURT,AVENIDA JAUME I 154,MOLLET DEL VALLES,
9100467331,BAR RESTAURANTE NEORIS,RAMBLA POMPEU FABRA 4,MOLLET DEL VALLÈS,
9100612100,EL JARDI DE GALLECS,CALLE FRANCESC LAYRET 65,MOLLET DEL VALLES,
9100617395,BAR LOS EXTREMEÑOS,Passeig de la Ronda 7,MOLLET DEL VALLES,
9100642781,Bar Castillo,Carrer de Sant Jordi 56,MOLLET DEL VALLES,
9100653427,BAR DE TAPES,Avinguda de Caldes de Montbui 17,MOLLET DEL VALLES,
9100663743,BAR ALMANSA,Carrer de Sant Llorenç 52,MOLLET DEL VALLES,
9100665155,Bar restaurante Nacha,Carrer de Salvador Espriu 7,MOLLET DEL VALLES,
9100670399,755_SUBLIME,CALLE SALVADOR ESPRIU 38,MOLLET DEL VALLES,00:00:00 - 18:00:00
9100677478,LA BONA SORT,Carrer de Sant Ramon 36,MOLLET DEL VALLES,
9100684101,BAR NOMAD,Avinguda d'Antoni Gaudí 12,Mollet del Vallès,
9100684195,LA PRUNA,Carrer de la Pau 28,MOLLET DEL VALLES,
9100694798,BAR CUBO VENTALLO,Carrer de Gaietà Ventalló 33,MOLLET DEL VALLES,00:00:00 - 18:00:00
9100695039,ENERGY BAR  & RESTAURANTE,Carrer del Ferrocarril 80,MOLLET DEL VALLES,08:45:00 - 18:00:00
9100695182,XURRERIA CAFETERIA GARBER,CALLE PAU VILA 12,MOLLET DEL VALLES,00:00:00 - 18:00:00
9100698744,BAR PRUNERES,Carrer d'Anselm Clavé 15,MOLLET DEL VALLES,00:00:00 - 18:00:00
9100701166,NOVA PALMERA,Carrer de Gallecs 47,MOLLET DEL VALLES,00:00:00 - 18:00:00
9100702970,KAPHIY BRUNCH,Carrer de Gaietà Vínzia 20,MOLLET DEL VALLES,00:00:00 - 18:00:00
9100708130,TREBOL CERVECERIA,Carrer de l'Agricultura 11,MOLLET DEL VALLES,
9100721293,RSTE. L'OLIVE,Carrer de Claudi Arañó i Arañó 17,MOLLET DEL VALLES,
9100725280,CASA MAURA,Carrer de Francesc Ferrer i Guàr 21,MOLLET DEL VALLES,
9100727703,HALCON BAR,Rambla Nova 93,MOLLET DEL VALLES,
9100731896,Bar la Cantonada,Avinguda del Parc 1,MOLLET DEL VALLES,
9100733214,BAR VAGON 66,Carrer de Francesc Macià 62,MOLLET DEL VALLES,00:00:00 - 00:00:00
9100734979,SOL Y LUNA,AVENIDA CALDES DE MONTBUI 21,MOLLET DEL VALLES,
9100738455,BAR GALICIA,Carrer de Francesc Layret 28,MOLLET DEL VALLES,
9100740330,LA VERMUTERIA,Carrer de la Pau 21,MOLLET DEL VALLES,
9100742484,BAR ESPERANZA,Carrer de Gallecs 75,MOLLET DEL VALLES,
9100744307,BAR CA LA XIANG,Carrer de Francesc Layret 71,MOLLET DEL VALLES,
9100746967,WONCA BURGUER,Carrer de Francesc Layret 6,MOLLET DEL VALLES,
9100746984,Molletveer,Carrer Jaume Coll 5,MOLLET DEL VALLES,
9100750130,LA TAVERNA DE CAN PANTIQUET,Carrer de Can Pantiquet S/N,MOLLET DEL VALLES,
9100755962,EVA RESTAURANT,AVENIDA ANTONI GAUDI 62,MOLLET DEL VALLES,
9100760131,ALAIA COFFE BAR ,Avinguda de Jaume I 156,MOLLET DEL VALLES,
9100760596,TREBOL BRUNCH,Carrer de Berenguer III 156,POLINYÀ,
9100764101,RAJAS TACOS KEHBAD BAR CAFETERIA,Plaza mayor 5,MOLLET DEL VALLES,
9100764969,PETIT CAFE,Carrer de Gaietà Vínzia 44,MOLLET DEL VALLES,
9100767153,BAR FUTBOL LOURDES,CAMINO CAN VILA S/N,MOLLET DEL VALLES,
9100055150,"AUTORACING MOLLET, S.L.",FERROCARRIL 52 -,MOLLET DEL VALLES,08:00:00 - 13:00:00
9100389125,ALOE,MENENDEZ I PELAYO 1,VIC,
9100529116,2 PRINCIPE,PASEO GENERALITAT 37,VIC,
9100503495,80'S SPIRIT,PLAZA PIETAT 2,VIC,
9100573746,PANADERIA GRANIER,RAMBLA PASSEIG 7,VIC,
9100566266,FORN EL VERDAGUER,Carrer de Jacint Verdaguer 28,VIC,
9100563102,BAR ESTACIO RENFE,PLAZA ESTACIO S/N,VIC,
9100453983,EL MOLI,CALLE LA LLOTJA 9,VIC,
9100721688,FLECA DIVINA PASTORA,Carrer Sant Segimon 22,VIC,
9100567698,BAR LAURA,CALLE CANIGO 70,VIC,
9100058499,PUNT DONER KEBAB,CALLE JACINT VERDAGUER 27,VIC,
9100056562,RACO DE L'IBERIC**,PLAZA MAJOR 21,VIC,
9100736216,IMPEVIC EDIFICI EL SUCRE,CARRER DE LA CIUTAT S/N,VIC,
9100739591,IZAKAYA,Carrer de la Riera 30,VIC,
9100745478,BAR STACJA PL,Avinguda d'Olímpia 7,VIC,
9100745910,ENTREPA I PA,Carrer de la Providència 23,VIC,
9100752144,HAPPYLANDIAPARK,CARRETERA DE VIC 217,VIC,
9100767161,CA LA LAURA PLAÇA,Rambla de les Davallades 8,VIC,
9100771401,SERRAT PLANES BONES,Masia Camí de Planes Bones S/N,SENTFORES,
9100446439,FRANKFURT C'JOAN,CALLE RIPOLL 53,VIC,
9100724322,INDUSTRIA 52,Carrer de la Indústria 52,VIC,
9100717724,BAR TENNIS VIC,AVENIDA OLIMPIA S/N,VIC,
9100715856,RESTAURANT food hub,Carrer de Montserrat 20,VIC,
9100703436,TAJ MAHAL,Carrer de les Carnisseries 34,VIC,
9100703234,Llegums Cuits Cal Marcel·lí,Carrer Sant Segimon 14,VIC,
9100701784,BUSVIC,Carrer del Pare Gallissà 4,VIC,
9100699144,BAR GRACE,C/RAMON D'ABADAL 21,VIC,
9100691356,RESTAURANT CASA MEXICO,Call Nou 9,VIC,
9100682040,EL PORTAL VIC,Carrer del Pare Coll 2,VIC,
9100668218,CA LA NATI,CARRER DEL VIRREI AVILÉS 6,VIC,
9100452581,BONA TAPA,PASEO GENERALITAT 44,VIC,
9100423519,BOTING JUMPING PARK,CALLE SOLSONA 4,VIC,
9100409671,SEGAFREDO,PASEO GENERALITAT 15,VIC,
9100374304,BAR PRIEGO,CALLE ENRIC PRAT DE LA RIBA 49,VIC,
9100324575,BAR SOL NOU,PASEO GENERALITAT 8,VIC,
9100127570,FRANKFURT VIC**,PASAJE PLA DEL REMEI 11,VIC,
115740,PARADOR VIC - SAU,CARRETERA BV-5213 KM 10,VIC,
115740,PARADOR VIC - SAU,CARRETERA BV-5213 KM 10,VIC,
9100727009,Vacanal Jubany - Hamburgueseria,Plaça Major 36,VIC,
9100576586,BAR LA TASCA,CALLE MOSSEN LLUIS ROMEU 1,VIC,
9100158659,BAR CAFETERIA LA PONCELLA,Passeig de la Generalitat 10,VIC,
9100262827,L & C,Carrer de Jaume Munmany 27,VIC,
9100494258,CAFETERIA CIRCUIT D'OSONA,CALLE CABRERES 2,VIC,
9100588030,VIC HOQUEI CLUB,Avinguda d'Olímpia 15,VIC,
9100579836,LOVIC OSONA,CALLE SAU 9,VIC,
9100540322,COFFEE & BAKERY CAN PAU,CALLE CAN PAU RABA 1,VIC,
9100527263,PADEL OSONA VIC,CARRETERA PRATS DE LLUÇANES 14,VIC,
9100523486,BAR RESTAURANT GIRASOL,Carretera de Roda 1,VIC,
9100520726,BOCATTI BAR,Carrer Mossèn Josep Gudiol 21,VIC,
9100517701,CLUB BASQUET VIC,PLAZA PARE MILLAN S/N,VIC,
9100517366,INSOLIT,Carrer dels Corretgers 4,VIC,
9100515640,TRINACRIA,CALLE ARQUEBISBE ALEMANY 24,VIC,
9100454403,LA MANDUCA,CALLE MANLLEU 40,VIC,
9100419900,DIVICNUS GASTROBAR,CALLE SANT MIQUEL DELS SANTS 1,VIC,
9100345891,CARBO,CALLE DUES SOLES 8,VIC,
9100345891,CARBO,CALLE DUES SOLES 8,VIC,
9100337367,SAKURA II,CALLE MIRAMARGES 8,VIC,
9100294904,GARBI BISTROT,RAMBLA HOSPITAL 8,VIC,
9100246993,TRESONA XXI,CALLE ARGENTERS 4,VIC,
9100166608,CITY ARMS,CALLE MISERICORDIA 4,VIC,
9100126373,BAR AVINGUDA,AVENIDA SANT BERNAT CALBO 42,VIC,
9100541821,PRAGMA PROFESSIONAL,CALLE MIRAMARGES 7,VIC,
9100628369,RESTAURANT EL XIC,CALLE GURB 103,VIC,
128247,INDOORWALL VIC,"CALLE SANTIAGO RAMÓN Y CAJAL, 87",VIC,
128247,INDOORWALL VIC,"CALLE SANTIAGO RAMÓN Y CAJAL, 87",VIC,
128247,INDOORWALL VIC,"CALLE SANTIAGO RAMÓN Y CAJAL, 87",VIC,
128247,INDOORWALL VIC,"CALLE SANTIAGO RAMÓN Y CAJAL, 87",VIC,
118136,BK VIC,MANLLEU 30-32,VIC,
118136,BK VIC,MANLLEU 30-32,VIC,
9100471566,BAR LA TORTUGA,RAMBLA HOSPITAL 31,VIC,
9100739798,LA DIVINA,CARRER SANTIAGO RAMON I CAJAL 48,VIC,
9100577790,BAR CA LA LAURA,Rambla de les Davallades 21,VIC,
9100156149,PARENTHESIS,CALLE CERVERA 11,VIC,
9100057040,COOPERATIVA GUISSONA,Carretera de Manlleu s/n,VIC,
9100634160,TKBNA,Carrer de Rupit 12,VIC,
9100058168,BAR UNIVIC,Carrer de Miramarges 10,VIC,
9100058399,BAR RTE.ZEFIR BEGUDES,CALLE EIX ONZE DE SETEMBRE 29,VIC,
9100058486,CAFETERIA LISA,Rambla de Josep Tarradellas 11,VIC,
9100058727,SNACK (VIC),Plaça Major 28,VIC,
9100058749,"MINI BRINDIS, BAR",Carrer de Sant Jordi 1,VIC,
9100056384,PALACIO DE ORIENTE,CALLE ANDREU FEBRER 1,VIC,
9100056413,BAR TREBOL,AVENIDA PIUS XII 13,VIC,
9100056689,RESTAURANT NOU PAMPLONA,CALLE EIX ONZE DE SETEMBRE 11,VIC,
9100056722,"FONTSECA, BAR",CARRETERA SANT HILARI SACALM S/N,VIC,
9100056774,BAR CAFETERIA VIC,PASEO GENERALITAT 23,VIC,
9100056957,TASTIC BAR,Avinguda de Sant Bernat Calbó 52,VIC,
9100056959,ASSEMBLEA JOVE VIC,CALLE JOAN DE SERRALLONGA 3,VIC,
9100056959,ASSEMBLEA JOVE VIC,CALLE JOAN DE SERRALLONGA 3,VIC,
9100057171,CASA TEVA,Carrer de l'Arquebisbe Alemany 21,VIC,
9100057428,CAFE PASTISSERIA BRUGUER,CALLE JAUME I EL CONQUERIDOR 3,VIC,
9100057605,EL PONT GOTIC,PLAZA ENRIC GONZALEZ I TORNES 1,VIC,
9100057936,EL CAPUTXI,Carrer de Sant Pau 39,VIC,
9100057963,FETNOSTREVIC,CALLE MIRAMARGES 6,VIC,
9100736273,TOPIC,Carrer de Cervera 14,VIC,
9100740503,BAR ÑAM LLODO,Carrer Enric Prat de la Riba 16,VIC,
9100742873,EL PERNILER,CARRER MARE DE DEU DELS MUTS 2,VIC,
9100745490,PLANES BONES,Carrer d’en Perot Rocaguinarda 2,VIC,
9100746500,RUKU RESTAURANT,Carrer de Sant Sadurní 12,VIC,
9100746832,EL 9 TONI PETIT,Carrer de Ripoll 33,VIC,
9100748119,LE PETIT KOALA,Rambla del Passeig 65,VIC,
9100748120,Samsara Buffet lliure,Ronda de Francesc Camprodon 18,VIC,
9100748566,BAR GABI,Carrer Nou 7,VIC,
9100751056,L'INDIÀ CAFETERIA,Carrer del Pla de Balenyà 9,VIC,
9100752643,Restaurant el Punt,Carrer de Ramon Sala i Saçala 13,VIC,
9100752651,La Indiana Gastro & Gelato,Carrer del Pla de Balenyà 7,VIC,
9100752860,SAZON DE LOS APOLOS,Carretera d la Guixa 10,VIC,
9100755818,El Celler d'en Miquel,Plaça de l'Estació 1,VIC,
9100760072,CAL GAT CAFETERIA RESTAURANT,Rambla del Passeig 39,VIC,
9100766575,BAR ATLANTIDA,Carrer de Francesc Maria Masferre 4,VIC,
9100767754,INNOGANDO,Carrer de la Llotja 7,VIC,
9100059144,VIC POOL,PASEO GENERALITAT 58,VIC,
9100521875,CAFETERIA SANT JORDI,CALLE MANLLEU 42,VIC,
9100668715,CAL OCELLAIRES,Avinguda dels Països Catalans 49,VIC,
9100723264,BAR JALEY BAKERY,Carrer Països Catalans 7,VILANOVA DEL VALLÈS,
9100696849,Federació Catalana de Patinatge (FC,Avenida Meridiana 27,BARCELONA,
9100761557,CLUB PADEL MIR,"CARRETERA BV-5001 KM 8,8",MONTCADA I REIXAC,
9100750914,CARLOS OLMOS MONZON,Carrer de les Esquadres 26,L'HOSPITALET DE LLOBREGAT,
9100040930,COFFEE YAGUNA,LLUIS VIVES 19,GRANOLLERS,
9100044418,BAR LA GRALLA,JOSEP UMBERT 130,GRANOLLERS,
9100044457,BAR OLIMPIC,GERONA 185,GRANOLLERS,
9100044461,PUB EVENING,PASEO MUNTANYA 139,GRANOLLERS,
9100219680,CAN MANEL,AMADEU CASTELLANOS 2,GRANOLLERS,
9100252903,RESTAURANT EL CISNE,ANSELM CLAVE 77,GRANOLLERS,
9100743845,DESEO,PASSATGE SANT BARTOMEU 16,GRANOLLERS,
9100747490,CASAL CIVIC TERRASSA,Carrer de Wagner 2,TERRASSA,
9100770429,ENTRE TAPAS,Avinguda de Catalunya S/N,SANT ADRIÀ DE BESÒS,
9100736601,Delight Coffee,Avinguda de Catalunya 51,BARCELONA,
9100627990,FELIUBADALO,CARRER CAN MAGÍ 10,BARBERÀ DEL VALLÈS,
9100749745,Dolç i Salat Cuba,Calle Cuba 38,MATARÓ,
9100474233,DOLC I SALAT MATARO,RONDA FRANCESC MACIA 18,MATARÓ,
9100756802,AIRE,Carrer de Falguera 6,SANT FELIU DE LLOBREGAT,
122790,BK GRANOLLERS RONDA SUD,CALLE LLUIS COMPANYS 41,GRANOLLERS,
122790,BK GRANOLLERS RONDA SUD,CALLE LLUIS COMPANYS 41,GRANOLLERS,
122790,BK GRANOLLERS RONDA SUD,CALLE LLUIS COMPANYS 41,GRANOLLERS,
122790,BK GRANOLLERS RONDA SUD,CALLE LLUIS COMPANYS 41,GRANOLLERS,
136720,UDON GRANOLLERS,"PLAÇA DE LA CASERNA, 3",GRANOLLERS,06:00:00 - 18:00:00
136720,UDON GRANOLLERS,"PLAÇA DE LA CASERNA, 3",GRANOLLERS,06:00:00 - 18:00:00
9100570919,KYOMI TEA,Carrer de Santa Elisabet 15,GRANOLLERS,
122348,FRANKFURT LEO BOECK GRANOLLERS,SANT ROC 8,GRANOLLERS,10:30:00 - 11:00:00
122348,FRANKFURT LEO BOECK GRANOLLERS,SANT ROC 8,GRANOLLERS,10:30:00 - 11:00:00
122348,FRANKFURT LEO BOECK GRANOLLERS,SANT ROC 8,GRANOLLERS,10:30:00 - 11:00:00
122348,FRANKFURT LEO BOECK GRANOLLERS,SANT ROC 8,GRANOLLERS,10:30:00 - 11:00:00
9100756793,INSTINT RESTAURANT,Carrer Príncep de Viana 25,GRANOLLERS,
9100041486,XICS DE GRANOLLERS,AVENIDA ENRIC PRAT DE LA RIBA 77,GRANOLLERS,
9100041725,FLECA P.BRETCHA (PL. MALUQUER),PLAZA JOSEP MALUQUER I SALVADOR 17,GRANOLLERS,
9100042386,BAR PAREDES 5,CALLE ROSSELLO 77,GRANOLLERS,
9100043893,BAR RESTAURANT PAVEPIC,CALLE FRANCESC MACIA 160,GRANOLLERS,
9100044282,BAR PAREDES I,CALLE RAFAEL CASANOVA 64,GRANOLLERS,
9100044469,BAR EL RECONET,CALLE POMPEU FABRA 15,GRANOLLERS,
9100056059,PITAPES RESTAURANT GRANOLLES,CALLE MIQUEL RICOMA 55,GRANOLLERS,11:00:00 - 16:00:00
9100087801,CASA CHUECOS,CALLE ANNIBAL 26,GRANOLLERS,11:30:00 - 14:00:00
9100098069,FORN EL SAGA,CALLE ROGER DE FLOR 45,GRANOLLERS,
9100145874,GRANJA LA NOU,CALLE SANT JOSEP 1,GRANOLLERS,
9100169285,TAPES,PLAZA PORXADA 32,GRANOLLERS,10:30:00 - 11:00:00
9100219758,FORN DE PA MARGARIDA,CALLE TORRES I BAGES 53,GRANOLLERS,
9100229514,RESTAURANTE MINT,CALLE SANT JOSEP 10,GRANOLLERS,
9100250393,RTE AYOPAYA,VIC 6,GRANOLLERS,
9100253786,BAR LA RAMBLA,CALLE MARE DE DEU DE MONTSERRAT 58,GRANOLLERS,
9100297849,CAL JIJONERO,CALLE CORRO 2,GRANOLLERS,
9100301896,TAVERNA TATXIN TATXIN,CALLE SANT JOSEP 14,GRANOLLERS,
9100302461,BAR VITA,CALLE ROGER DE FLOR 1,GRANOLLERS,
9100399265,BAR MERCADO,PLAZA CASERNA S/N,GRANOLLERS,
9100399265,BAR MERCADO,PLAZA CASERNA S/N,GRANOLLERS,
9100479079,RESTAURANTE EL SPOT,CALLE MUSEU 10-12,GRANOLLERS,08:00:00 - 16:00:00
9100509767,HOLLY'S,PLAZA PORXADA 21,GRANOLLERS,
9100523982,LA GRANJA ( DEGUSTACIO ),CALLE TRAVESSERES 43,GRANOLLERS,
9100527198,PALO SANTO COCKTAIL BAR,CR MIQUEL RICOMA 137,GRANOLLERS,
9100658144,CAN SANO,RAMON LLULL 9,GRANOLLERS,
9100664303,TABATA,Carrer de Corró 15,GRANOLLERS,
9100677377,COROMINES Coffee & Bakery Brunch,Carrer de Joan Corominas 22,GRANOLLERS,
9100680026,EL GLAM MOMENTS,Carrer Guayaquil 30,GRANOLLERS,11:15:00 - 12:30:00
9100681218,BAR ZHOU,Carrer d'Isabel de Villena 64,GRANOLLERS,
9100681231,BAR LA GRANJA,Carrer de Roger de Flor 93,GRANOLLERS,
9100682415,TSURUTA RAMEN,Plaça Josep Maluquer i Salvador 20,GRANOLLERS,12:00:00 - 16:00:00
9100682473,CAL JOAN,Carrer de Roger de Flor 75,GRANOLLERS,
9100685322,DATOTE AL BAGH,CALLE LLUIS COMPANYS 60,GRANOLLERS,00:00:00 - 18:00:00
9100695278,EL REFUGI D´EN CUCH,Carrer de Sant Jaume 46,GRANOLLERS,00:00:00 - 18:00:00
9100699710,CAN BIN RESTAURANTE,Carrer de Roger de Flor 61,GRANOLLERS,00:00:00 - 18:00:00
9100701777,RECTORIA DE PALAU,Passeig Francesc Fàbregas 81,GRANOLLERS,
9100717340,PURE COFFEE,SANTA ANA 25,GRANOLLERS,
9100723316,BAR TAST GRANOLLERS,Carrer del Camp de les Moreres 3,GRANOLLERS,
9100727750,BAR LOCALET,Carrer d'Alfons IV 48,GRANOLLERS,
9100729954,NOU PATUFET,PLAZA JOSEP MARIA FOLCH I TORRES 12,GRANOLLERS,
9100735762,Granollers Indian Restaurante,Carrer de Corró 36,GRANOLLERS,12:30:00 - 16:00:00
9100737822,PECADOS,PLAZA JOSEP MARIA FOLCH I TORRES 14,GRANOLLERS,
9100744232,EL MENÚ,CALLE PONENT 12,GRANOLLERS,
9100747036,BAR CAPARROS,Carrer d'Alfons IV 38,GRANOLLERS,
9100751859,RESTAURANTE ANATOLIA,Carrer Rafael Casanova 60,GRANOLLERS,
9100751879,BAR CAFETERIA EL DOMI,Carrer de Ponent 55,GRANOLLERS,
9100752730,CAFE LEO,Carrer de Josep Torras I Bages 29,GRANOLLERS,
9100756820,LA SEDA GRANOLLERS,Carrer de Joan Prim 7,GRANOLLERS,
9100764052,BAR TIMANFAYA,Carrer de Tres Torres 2,GRANOLLERS,
9100764737,BAR CAFETERIA KALESSY,Carrer Rafael Casanova 50,GRANOLLERS,
118135,BK GRANOLLERS,"MATAGALLS, S/N (ESQUINA C/CAMI DEL",GRANOLLERS,
118135,BK GRANOLLERS,"MATAGALLS, S/N (ESQUINA C/CAMI DEL",GRANOLLERS,
9100553805,BAR RUI,PLAZA JOSEP SERRAT I BONASTRE 18,GRANOLLERS,
9100041010,AQUI MATEIX,AVENIDA SANT ESTEVE 73,GRANOLLERS,
9100041103,BAR LA PRADERA,CALLE BARTOLOME ESTEBAN MURILLO 31,GRANOLLERS,
9100042964,HOTEL CIUTAT DE GRANOLLERS,Turó d'en Bruguet 2,GRANOLLERS,08:00:00 - 11:00:00
9100043144,LES GARGOLES DEL NORD,CALLE MONTSENY 4,GRANOLLERS,
9100043853,BINGO CASINO,GIRONA 3,GRANOLLERS,08:00:00 - 12:00:00
9100044157,BAR RESTAURANT CAN CHEN,CALLE CRISTOFOL COLOM 23,GRANOLLERS,
9100094835,FRANKFURT JAVIS II,GIRONA 36,GRANOLLERS,
9100120794,FLECA P.BRETCHA (C/ GIRONA),GIRONA 49,GRANOLLERS,
9100151073,BAR XEICA,CALLE CRISTOFOL COLOM 16,GRANOLLERS,
9100238682,RSTE. EL CELLER DE CAN ROS,PLAZA JOSEP BARANGE 13,GRANOLLERS,
9100338195,BAR JUAQUIN,PASSEIG MUNTANYA 66,GRANOLLERS,
9100340763,"BAR ""LA OCA""",PLAZA CAN MONIC 7,GRANOLLERS,
9100341135,ATARASII,CALLE JOAN PRIM 4,GRANOLLERS,11:30:00 - 16:00:00
9100348821,FRANKFURT LA PLAÇA,CALLE VALLESPIR 10,GRANOLLERS,
9100355289,BAR LAS TAPAS,CALLE ANGEL GUIMERA 12-14,GRANOLLERS,
9100503002,LA VERMOOD,PLAZA PAU CASALS 4,GRANOLLERS,10:30:00 - 16:00:00
9100513352,BAR COPACABANA,CALLE VALLESPIR 1,GRANOLLERS,
9100616552,BAR CAN JULI,CALLE FRANCESC MACIA 135,GRANOLLERS,
9100619658,A VOCADOS,PLAZA JOSEP BARANGE 2,GRANOLLERS,
9100658142,RESTAURANTE EL SOL,Carrer de Girona 161,GRANOLLERS,
9100661498,GIOVANNI,CALLE MONTSENY 1,GRANOLLERS,
9100678134,FORNO DI CAFFE VIVALDI,CALLE GIRONA 183,GRANOLLERS,
9100685852,VINOUS,Carrer d'Emili Botey Alsina 12,GRANOLLERS,00:00:00 - 18:00:00
9100688641,BAR CAFETERIA LOS DOS 961,CALLE COLOMBIA 14,GRANOLLERS,
9100698912,EL SAZON DE ROSARIO,Carrer del pla de Baix 53,GRANOLLERS,00:00:00 - 18:00:00
9100699983,bar cafeteria yaki,Calle Girona 214,GRANOLLERS,00:00:00 - 18:00:00
9100700301,TROBADA,Carrer Esteve Terrades 52,GRANOLLERS,00:00:00 - 18:00:00
9100700874,DÉJÀ VU,Carrer Montseny 10,GRANOLLERS,00:00:00 - 18:00:00
9100703647,Platillos,Plaça de Pau Casals 14,GRANOLLERS,
9100718615,FRUTAS Y VERDURAS NAONY'S,PLAZA CAN BASSA 1,GRANOLLERS,
9100718706,IMPERIAL,CARRER SANT JOSEP DE CALAÇANS 119,GRANOLLERS,
9100723039,IL PICCOLO BIONDO,CARRER JOSEP UMBERT 42,GRANOLLERS,
9100723531,RESTAURANTE XAP,Carrer de Girona 321,GRANOLLERS,
9100729258,FRANKFURT ARIES,Avinguda del Parc 5,GRANOLLERS,
9100729405,BAR TRIANA,CALLE VALLESPIR 16,GRANOLLERS,
9100730939,MUSIC CLUB RADIKAL,Carrer Francisco de Quevedo 11,GRANOLLERS,
9100732766,BON QUALITAT,Plaça Josep Torras i Bages 2,GRANOLLERS,
9100736806,Centre Vallès,Carrer de Veneçuela 86,GRANOLLERS,
9100737231,Bar Els 4 Vents,Passeig de la Muntanya 154,GRANOLLERS,
9100738166,BONA TAPA,Passeig de la Muntanya 145,GRANOLLERS,
9100742644,EPICUS BAR,Calle Josep Umbert 130,GRANOLLERS,
9100742712,ROCA UMBERT FABRICA DELS ARTS,ENRIC PRAT DE LA RIBA 77,GRANOLLERS,
9100743172,FORN LA CARMEN,Carrer Esteve Terrades 44,GRANOLLERS,
9100743868,BAR XARANA GRANOLLERS,Carrer del pla de Baix 51,GRANOLLERS,
9100745043,Bar Plata,Avinguda Sant Esteve 96,GRANOLLERS,
9100747591,Dania’s Bistro & Grill | Granollers,Carrer Montseny 4,GRANOLLERS,
9100750645,BAR LA GAVINA,Carrer de Girona 122,GRANOLLERS,
9100755605,Bar Restaurante L'Arpa,Carrer Bertran de Seva 1,GRANOLLERS,
9100756365,LAPONIA CAFE,PLAZA JOSEP TORRAS I BAGES 2,GRANOLLERS,
9100758269,CASA TOI,Carrer de l'Hospital 7,GRANOLLERS,
9100762486,CAFETERIA LA CANTONADA,Carrer de Montserrat Roig 19,GRANOLLERS,
128003,HG CERVECERIA,"CALLE FRANSCESC RIBAS, 64",GRANOLLERS,
9100694685,L'ORIGEN,Carrer de Sant Pere 7,MANLLEU,
9100691956,CAFETERIA DULCE DALIA,Plaça de Fra Bernadí 22,MANLLEU,
9100381861,VIOS BAR,AVENIDA ROMA 122,MANLLEU,
9100722376,BAR LOS CAZADORES MANLLEU,Avinguda Bellmunt 25,MANLLEU,
9100728312,Bar Tissana,Carrer de Ripoll 20,MANLLEU,
9100641799,ROCK HOUSE,CALLE JOAN CODINA VIVET S/N,MANLLEU,
9100593250,GRANJA CAFETERIA ROMA,AVENIDA ROMA 106,MANLLEU,
9100577717,CAFETERIA CATALUNYA,Carrer del Montseny 98,MANLLEU,
9100540106,BON PROFIT,CALLE DOÑ BLANCA 114,MANLLEU,
9100536121,BAR VILAMIROSA,CALLE VILAMIROSA 92,MANLLEU,
9100520242,BAR UNIO,PASEO SANT JOAN 110,MANLLEU,
9100494853,EL MOLINET,AVENIDA PUIGMAL 100,MANLLEU,
9100494288,BAR TAPES I TAPETES,PASEO SANT JOAN 194,MANLLEU,
9100487378,NOVA OFICINA,AVENIDA ROMA 220,MANLLEU,
9100485303,BAR KANGMIYU,CALLE LLEIDA 58,MANLLEU,
9100479427,PUB XAUXA,CALLE ENRIC DELARIS 16,MANLLEU,
9100467000,BAR SEGORB NOU,CALLE SOGORB 73,MANLLEU,
9100420376,BAR ARAMAN,CALLE GARCIA ESTRADA 20,MANLLEU,
9100326018,CROISSANTERIA NACCAR,Carrer de Núria 24,MANLLEU,
9100301063,CROISSANTERIA CAPRICI,CALLE TORRENT MAGI 80,MANLLEU,
9100253099,BAR PIRRI,PLAZA SARDANA 1,MANLLEU,
9100206311,E.S MANLLEU,Carrer Francesc Puget 2,MANLLEU,
9100194884,CAFE ANTIC,CARRETERA BV-5224 (TORELLO) KM 1,MANLLEU,
9100169134,REST.CAL BATLLE,AVENIDA PIRINEUS S/N,MANLLEU,
9100160354,LA COVA DEL VERMUT,Plaça de Fra Bernadí 3,MANLLEU,
9100159434,BAR KUNDALINI,CARRETERA OLOT 58,MANLLEU,
9100159298,BAR LES VOLTES,PLAZA FRA BERNADI 15,MANLLEU,
9100158995,BAR QUINTO I TAPA,CARRETERA OLOT 77,MANLLEU,
9100158872,BAR LA PARADA,CALLE PUIGSACALM 15,MANLLEU,
9100158492,BAR KOALA,PLAZA FRA BERNADI 12,MANLLEU,
9100159254,COMERCIAL F.LEIVA,CALLE SOGORB 79,MANLLEU,
9100058412,PIANOLA BAR,CALLE PONT 15,MANLLEU,
9100056427,FRANFURT 86,AVENIDA ROMA 221,MANLLEU,
9100057531,BAR MERCAT,CALLE PINTOR GUARDIA 6,MANLLEU,
9100042378,BAR LA CANTONADA,Carrer Major 31,PARETS DEL VALLES,
9100042685,GRANJA BAR EL MASET,Plaça de la Vila 8,LLIÇÀ DE VALL,
9100043482,BAR KEBAR,CALLE ARAGO 13,PARETS DEL VALLES,
9100044179,BAR EMPORDA,CALLE L'EMPORDA 27,PARETS DEL VALLES,
9100044290,CAF# PARIS,CALLE MONISTROL 1,PARETS DEL VALLES,
9100227177,BAR FRANKFURT INSBRUCK,CALLE INDEPENDENCIA 51,PARETS DEL VALLES,
9100264438,CAFETERIA XURRERIA 20 JA,LLIBERTAT 2,PARETS DEL VALLES,00:00:00 - 00:00:00
9100366757,BAR RESTAURANT LA PLAÇA,PLAZA VILA S/N,PARETS DEL VALLES,
9100382635,CLUB PETANCA PARETS,CALLE VICTOR CATALA 2,PARETS DEL VALLES,
9100382635,CLUB PETANCA PARETS,CALLE VICTOR CATALA 2,PARETS DEL VALLES,
9100413240,CAN LITU'S,CALLE VICTOR CATALA 9,PARETS DEL VALLÈS,
9100413240,CAN LITU'S,CALLE VICTOR CATALA 9,PARETS DEL VALLÈS,
9100486030,CAMPO FUTBOL PARETS,Carrer de Víctor Català 18,PARETS DEL VALLES,07:00:00 - 10:00:00
9100058807,IL PICCOLO BIONDO,CALLE SANT JORDI 8,MANLLEU,
9100058807,IL PICCOLO BIONDO,CALLE SANT JORDI 8,MANLLEU,
9100617124,FOOD TRUCK,CARRER SANT JAUME 134,PARETS DEL VALLES,
9100617475,VERMUTERIA Y TAPERIA CAMACHO,AVENIDA PEDRA DEL DIABLE 28,PARETS DEL VALLES,
9100643487,BAR JALEY (PARETS),Avinguda de Francesc Macià 11,PARETS DEL VALLES,07:00:00 - 13:00:00
9100652615,RESTAURANTE SIBLINGS,Carrer del Raval 1,PARETS DEL VALLES,
9100661113,BAR LA ESQUINITA,Avinguda de Catalunya 102,PARETS DEL VALLES,
9100661227,BAR AVENIDA PARETS,Avinguda de Catalunya 129,PARETS DEL VALLES,
9100670427,La Tasca,Carrer de Monistrol 1,PARETS DEL VALLES,12:30:00 - 14:30:00
9100671265,RESTAURANT GUST D'ASIA,Avinguda de Francesc Macià 12,PARETS DEL VALLES,06:00:00 - 13:30:00
9100692245,Bar 20 PA K,Avinguda de Catalunya 133,PARETS DEL VALLES,00:00:00 - 18:00:00
9100698420,VIKELS,Carrer de la Mina 8,PARETS DEL VALLES,00:00:00 - 18:00:00
9100701217,BACROM,CALLE GARBI 12,PARETS DEL VALLES,06:00:00 - 18:00:00
9100701291,BAR BRICOLAJE DEPOT,CALLE DE LA BASSA S/N,PARETS DEL VALLES,00:00:00 - 18:00:00
9100733333,TAPAS KEBAB,PLAZA MOSSEN PERE BATLLE 1,PARETS DEL VALLES,
9100733969,RESTAURANT BRUNCH,CALLE XALOC 1,PARETS DEL VALLES,
9100738774,CAN MARIO,Carrer del Pla dels Estudiants 40,MANLLEU,
9100742503,BAR EL TROPEZON,Carrer Doctor Fleming 46,MANLLEU,
9100746992,RESTAURANTE EUROPEO CONGOST,CALLE CONGOST 1,PARETS DEL VALLES,
9100747472,BAR WEI,Carrer de Tarragona 50,MANLLEU,
9100747929,Restaurant bar Mundial,Carrer d'en Santiago Rusiñol 54,MANLLEU,
9100758135,MANLLEUET Cerveseria Restaurant,Plaça de Fra Bernadí 23,MANLLEU,
9100759612,AKI MISMO,Carrer Salvador Espriu 6,PARETS DEL VALLÈS,
9100759982,BAR NOU,Parc d'Àngela Roca 7,MANLLEU,
9100761848,DAHLIA PASTISSERIA,Carrer d'Aragó 11,PARETS DEL VALLÈS,
9100766615,HLT,Carrer Doctor Fleming 53,MANLLEU,
9100751000,Club Tennis Barcino,Plaça de Narcisa Freixas 2,BARCELONA,
9100736471,AUTENTIK'S,Carrer de Fructuós Gelabert 1,SANT JOAN DESPI,
9100736476,AUTENTIK’S CAMPO DE FUTBOL,Avinguda de Barcelona 64,SANT JOAN DESPI,
119717,903100 PLASTICOS TA-TAY,"CTRA. SANT ADRIA A LA ROCA, KM. 15,",MONTORNÈS DEL VALLÈS,
119717,903100 PLASTICOS TA-TAY,"CTRA. SANT ADRIA A LA ROCA, KM. 15,",MONTORNÈS DEL VALLÈS,
9100042801,BRASERIA CAMPINS,Avinguda del Riu Mogent 1,MONTORNÈS DEL VALLÈS,
9100055035,RTE. CA LA POLI,CALLE MAJOR 61,MONTORNES DEL VALLES,08:30:00 - 13:00:00
9100055275,MERCAT DEL CARME BAR,CALLE FEDERICO GARCIA LORCA 3,MONTORNES DEL VALLES,
9100055925,BAR SALON DEPORTIVO,BLAS INFANTE 2,MONTORNES DEL VALLES,
9100120688,CAFE BAR LA FONT,PLAZA LA FONT 1,MONTORNES DEL VALLES,07:00:00 - 12:00:00
9100125812,CAN SALA,JOSEP TERRADELLAS SN,MONTORNES DEL VALLES,
9100129120,GRANJA SANTIAGO,CALLE BLAS INFANTE 8,MONTORNES DEL VALLES,
9100154524,BAR MAJOR 47,PLAZA PAU PICASSO 1,MONTORNES DEL VALLES,
9100154591,MERENDERO CAN XEC,CALLE VILANOVA S/N,MONTORNES DEL VALLES,
9100198106,BAR ISLA CRISTINA,CALLE PALAU D'AMETLLA 14,MONTORNES DEL VALLES,09:00:00 - 14:00:00
9100199450,NOU HOLIDAYS,CALLE L'ESTRELLA 12,MONTORNES DEL VALLES,09:00:00 - 20:00:00
9100296409,BAR CULIBLANCO - CAMPO FUTBOL ATLET,Carrer del Gran Vial 3,MONTORNÈS DEL VALLÈS,09:00:00 - 11:30:00
9100513843,RESTAURANTE INJA,CARRETERA SANT ADRIA DEL BESOS-L 17,MONTORNÈS DEL VALLÈS,
9100636763,Pizzeria Daniele,Carrer de Sant Isidre 13,Montornès del Vallès,
9100669904,El Racó d'en Joan,Carrer de Carles Riba 3,MONTORNÈS DEL VALLÈS,00:00:00 - 18:00:00
9100702913,BAR MARIA,Carrer del Sol 3,MONTORNÈS DEL VALLÈS,00:00:00 - 18:00:00
9100724298,WOOD & COFFEE,Carrer de Jacint Verdaguer 9,MONTORNÈS DEL VALLÈS,
9100725292,Forn La Miranda coffe & Beer,Carrer la Pau 10,MONTORNÈS DEL VALLÈS,
9100726583,BRASERIA LA TEJA,Carrer Major 57,MONTORNÈS DEL VALLÈS,
9100728401,BAR CAFETERIA ATLAS,Carrer de Sant Isidre 16,MONTORNÈS DEL VALLÈS,
9100728505,BAR PLAZA PUEBLO,Plaça del Poble 14,MONTORNÈS DEL VALLÈS,
9100729533,CAFETERIA LA CANTONADA,BV-5001 32-34,MONTORNÈS DEL VALLÈS,
9100752742,Bar Baudilio,Carrer de Federico García Lorca 2,MONTORNÈS DEL VALLÈS,
9100752760,ARTICAT(FANTASIAS Y SONRISAS),CALLE CONSELL DE CENT 5,MONTORNÈS DEL VALLÈS,
9100760817,OASIS,Carrer de Federico García Lorca 23,MONTORNÈS DEL VALLÈS,
9100676061,Bar Tapas Bike,PASSEIG DE LA FLORIDA 15,SANTA PERPÈTUA DE MOGODA,
9100743597,EL PUNT DE TROBADA,CARRER COLOM 209,TERRASSA,
9100743608,BAR LA PENYA 1,CARRETERA MONTCADA 148,TERRASSA,
9100745932,Bar Troika,Carrer del Germà Joaquim 55,TERRASSA,
9100727035,BAR EL TUPÍ,Avinguda Nostra Senyora de Monts 22,SANT JULIÀ DE VILATORTA,
9100723081,Els Angelets de Sobrevia,Carretera Seva 2,SANT MIQUEL DE BALENYA,
9100666742,JUDIT SERRA CORCOLL,Carrer del Tiŀler 27,GURB,
9100741999,Forn de Pa Gaba,Avinguda Catalunya 3,SANT FOST DE CAMPSENTELLES,
9100736469,Cafeteria Nova & Gent,Carrer de Milà 22,BADALONA,
9100722593,BAR CAN PLANOLES,Carrer Ramon Pujols Claveras 42,RODA DE TER,
9100703787,FORN ANFRUNS PAVICSA,Carrer Gran 15,CALLDETENES,
9100703223,CASANOVA DEL CASTELL,CASA NOVA DEL CASTELL S/N,MONTESQUIU,
9100691332,PISCINES SANT QUIRZE,Carrer del Mestre Quer 12,SANT QUIRZE DE BESORA,
9100677847,CLUB DARDS BESORA,AUTOVIA C-17 S/N,SANT QUIRZE DE BESORA,
9100695204,HORDES SPT,Carrer Josep Vilanova 27,SANT PERE DE TORELLÓ,
9100723139,CAFETERIA GAUDEIX,CALLE DEL CASAL 1,BIGUES I RIELLS,
9100737399,MAISON DU GRAIN (STA EULALIA),CALLE DE LA FABRICA 26,SANTA EULALIA DE RONÇANA,
9100747990,Pavelló Municipal de Ripoll,Carrer de Concepció Ducloux s/n,RIPOLL,
9100723869,RESTAURANT AL GRA,AVINGUDA DEL CASTELL 18,TORELLO,
9100747927,Iris café,Passeig de l'Ametlla 19,L'AMETLLA DEL VALLÈS,
9100682560,EL BARETU,PASEO TER S/N,MONTESQUIU,
9100758280,CARNICERIA RODRIGUEZ,Carrer Rosselló 22,BELLAVISTA,
9100628975,MESON 20 P KA,PASAJE MARTI S/N,LLIÇÀ DE VALL,
9100653354,REST. EL PASO,Camí de la Pineda 6,LLIÇÀ D'AMUNT,
9100653355,EL TIRO DE GRANOLLERS,Passeig l'Alzina 1,CANOVELLES,
9100659648,GRANBARA,Carrer de Joanot Martorell 34,GRANOLLERS,
9100662674,Comercial  Bebidas Burj SL,Passeig de la Conca de Besòs 45,GRANOLLERS,
9100666589,CLUB CAL ARTIGUES,Carrer de la Ribera d'Ebre 56,LLIÇÀ D'AMUNT,
9100677459,PADELIN,Carrer Can Nadal 12,LLIÇÀ DE VALL,
9100678295,TAPETES BAR,Passeig de les Corts Catalanes 7,MONTMELÓ,
9100679516,Asso. Gent Gran Llissa de Munt,Carrer de Folch i Torres 102,LLIÇÀ D'AMUNT,00:00:00 - 15:00:00
9100679898,CAFETERIA LONDONET,Carrer d'Anselm Clavé 60,LLIÇÀ D'AMUNT,
9100679906,LES TRES COPES RESTAURANT,Carrer de Barcelona 136,SANT FOST DE CAMPSENTELLES,
9100681160,RESTAURANT NOU CAP MANY,CALLE GALILEU GALILEI 16,GRANOLLERS,
9100683566,CULTURAL LA FABRICA,Camí del Gual 11,SANTA EULÀLIA DE RONÇANA,
9100698329,MESON 20 P KA,PASAJE MARTI S/N,LLIÇÀ DE VALL,00:00:00 - 18:00:00
9100717355,BAR LA CANYA - 3,CALLE RAFAEL CASANOVA 6,LLIÇÀ D'AMUNT,
9100723356,KAIA,Avinguda dels Països Catalans 90,LLIÇÀ D'AMUNT,
9100726650,BAR DEL CENTRO,CALLE ANSELM CLAVE 70,LLIÇÀ D'AMUNT,
9100729132,BAR ZONA ZERO,CALLE MATARRANYA 2,LLIÇÀ D'AMUNT,
9100729658,AVITU CAFE,Carrer Raval 5,PARETS DEL VALLES,
9100729943,PIZZERIA MAYOR,Carrer Major 27,MONTMELÓ,
9100733355,EL BAR DE LA ISA,Carrer Barcelona 60,BELLAVISTA,
9100735422,BOKAO,CALLE VIC 7,MONTMELÓ,
9100735547,Casal Avis Extremadura,Pasaje Extremadura S/N,LES FRANQUESES DEL VALLES,
9100736215,Hotel Solana Del Ter,C-17 17,RIPOLL,
9100736235,Restaurant El Roquet,Carrer Pirineu S/N,TAVERNOLES,
9100736259,Restaurant Fussimanya,Ctra. Parador Km. 7,TAVÈRNOLES,
9100736266,EL SERRADET BAR,BP-4654 Km 1.2,SORA,
9100736272,ELS ENLLETATS,CARRER AJUNTAMENT 5,SAN VICENÇ DE TORELLO,
9100736411,BAR CASAL CAMPRODON,Plaça del Dr. Robert 1,CAMPRODON,
9100736486,Somni d'estiu bar,Carrer d'Europa 1,BADALONA,
9100736670,Bar libra,Carrer Provença 29,BELLAVISTA,
9100742280,BAR LA PETRA II,CARRER MARE DE DEU DE LA SALUT 3,SANTA EULÀLIA DE RONÇANA,
9100742290,BAR DE LA BENZINERA HIGIENE,CARRETERA N-141 D S/N,CALLDETENES,
9100743554,Bar Refugio,Avinguda del Mil·lenari s/n,MONTMELÓ,
9100743595,BAR LA PENYA - 2,CARRER DE L'ANOIA 7,SANT QUIRZE DEL VALLÈS,
9100745325,Casal de la Gent Gran de Palaudàrie,Carrer de Palaudàries 88,LLIÇÀ D'AMUNT,
9100745792,Venecia,AVENIDA MIL.LENARI 12,MONTMELÓ,
9100745929,FRANKFURT REITER,CALLE PINTOR HUGUET 62,TERRASSA,
9100750650,PUERTO DULCE,CARRER DE VOLTREGÀ 15,TORELLÓ,
9100751813,BAR ZEMNU,CARRETERA OLESA S/N,VILADECAVALLS,
9100756104,CARNS I EMBOTITS EMPAR,Carretera de Ribes 21,MONTESQUIU,
9100756188,LA LLAVOR,Plaça Nova 8,TORELLÓ,
9100756958,GRANJA Ca LA MARÍA,Avinguda de Catalunya 61,LLIÇÀ DE VALL,
9100757467,412 COFFEE BEER,CARRETERA LA ROCA S/N,SANT FOST DE CAMPSENTELLE,
9100757477,BRUNCH 4.12 MUSIC,Plaça la Vila 2,SANT FOST DE CAMPSENTELLES,
9100757707,COLLA GRILLATS,Carrer del Pont 31,TORELLÓ,
9100759429,BAR CAMP DE TIR,Carretera de Manlleu km 4,GURB,
9100761780,BAR LINARES,Plaça Sant Isidre S/N,MONTMELÓ,
9100761923,ASSOCIACIO DIABLES DEL PONT VELL,Avinguda Tecla Sala 40,RODA DE TER,
9100764980,BAR EPORA 2,Passeig Andalusia 5,BELLAVISTA,
9100767890,CAL CISTELLER,Plaça Mossen Cinto Verdaguer 3,FOLGUEROLES,
9100675584,ALBA AUDIOVISUALS,CALLE METALURGIA S/N,LLIÇA D´AMUNT,
9100759837,GLOBAL ART COOKING,Carretera de Balenyà 237,TARADELL,
9100736222,CAN JANOT RESTAURANT,Carrer Montseny 15,TAVÈRNOLES,
9100669176,LA CABANYA CAFETERIA,Carrer Sant Roc 68,TORELLÓ,
9100673284,BAR DOBLE Z,Carrer de Manlleu 7,TORELLO,
9100736185,ELS PAGESOS,N-260 104,SANT JOAN DE LES ABADESSES,
9100736219,BAR FLORIDA,Carrer Lleida 7,SANT HILARI SACALM,
9100736220,CA L'ANNA,PLAZA CONSTITUCIO S/N,RIBES DE FRESER,
9100739178,BAR CLAVE,Carrer de l'Alcalde Pere Rovira 2,SANT JOAN DE LES ABEDESSES,
9100736244,BAR PETIT,Carrer de Sant Quinti 45,RIBES DE FRESER,
9100742664,CAL NASIET,PLAZA ANSELM CLAVE 3,CAMPDEVÀNOL,
9100736227,B-VIKY,CALLE SANT JAUME 25,ARBÚCIES,
9100736228,Bar Restaurant Can Parlet,Carrer de la Canal 9,VILALLONGA DE TER,
9100764653,HOTEL STOP,N-2 494,BELLPUIG,
9100529900,BAR CATALUNYA (ST.JULIA),PLAZA MARQUES DE LA QUADRA 11,SANT JULIÀ DE VILATORTA,
9100527964,DROGUERIA JUNYENT,CALLE BELLMUNT 12,GURB,
9100473659,INDIA ''ESCLAT'',CARRETERA C-17 S/N,TONA,
9100451636,GURBI,CALLE JACINT VERDAGUER 20,GURB,
9100180416,BODEGA CAPDEVILA,CALLE DOCTOR BAYES 2,TONA,
9100129392,BAR NURIA ST.JULIA VILATORTA,CALLE NURIA 27,SANT JULIÀ DE VILATORTA,
9100058963,EL SERRAT DEL FIGAR#,"CARRETERA BALENYA KM 1,3",TARADELL,
9100059072,CAFE BAR CA L'ABEL,Carrer Montserrat 20,SANTA EUGÈNIA DE BERGA,
9100542720,BAR XINO XANO,CALLE PUIG-ROVI 31,TORELLÓ,
9100515642,BAR MONTSERRAT,AVENIDA MONTSERRAT 7,TORELLÓ,
9100473327,EL CASTELL DE BESORA,PASEO PLA DE TEIA 38,SANTA MARIA DE BESORA,
9100246985,SANTUARI DE BELLMUNT,LUGAR SANTUARI DE BELLMUNT 1,SANT PERE DE TORELLÓ,
9100246985,SANTUARI DE BELLMUNT,LUGAR SANTUARI DE BELLMUNT 1,SANT PERE DE TORELLÓ,
9100136123,BAR XANIA,CALLE MONTESQUIU 41,TORELLÓ,
9100136123,BAR XANIA,CALLE MONTESQUIU 41,TORELLÓ,
9100112395,CAFETERIA BUGATTI,PLAZA NOVA 2,TORELLÓ,
9100059171,SUPERMERCAT ROVIRA,CALLE EL CANIGO 68,TORELLÓ,
9100059082,SPORT BAR (SANT QUIRZE),CARRETERA BERGA 6,SANT QUIRZE DE BESORA,
9100059021,DCAFE,CALLE TER 66,TORELLÓ,
9100058835,BAR XICRA,CALLE JOSEP VILANOVA 6,SANT PERE DE TORELLÓ,
9100560156,VERNISSAGE,AVENIDA LA SEU 2,GURB,
9100159144,BAR KARNAK,CALLE MAJOR 12,FOLGUEROLES,
9100577716,FORN CAN QUEL,PLAÇA MAJOR 12,RODA DE TER,
9100522381,"AGROBOTIGA RODA, SL",CALLE SANT PERE 32,RODA DE TER,
9100491082,BAR AUDITORI TEATRE CALLDETENES,PLAZA ONZE DE SETEMBRE 1,CALLDETENES,
9100383438,BAR LA MOSSEGADA,CALLE BAC DE RODA 40,RODA DE TER,
9100372136,CAMP DE FUTBOL DE RODA,AVENIDA TECLA SALA S/N,RODA DE TER,
9100350948,BAR SANT SEBASTIA,CALLE TORRENT 3,RODA DE TER,
9100305726,CAN PAIROT,Lugar Pairot de Baix s/n,SANTA CECILIA DE VOLTREGÀ,
9100247403,E.S. RODA ( BOTIGA ),CALLE BAC DE RODA 45,RODA DE TER,
9100159423,BAR NOU,CALLE BATLLE SERRALLONGA 11,SANT HIPÒLIT DE VOLTREGÀ,
9100159383,RESTAURANT DORCA,Avinguda Gaudí 34,SANT HIPÒLIT DE VOLTREGÀ,
9100159311,BAR RESTAURANT EL GOT,Carrer Barcelona 28,LES MASIES DE VOLTREGÀ,
9100158623,FONDA URGELL,CALLE BAC DE RODA 44,RODA DE TER,
9100145307,SUKIPA,CALLE GRAN 9,CALLDETENES,
9100448962,ROSTISSERIA LA PARADA,AVENIDA SANT BARTOMEU DEL GRAU S/N,GURB,
9100342026,SALA LA CABRA,CALLE SANT JORDI 9,GURB,
9100270631,BAR RESTAURANT THIANA,Avinguda Tecla Sala 42,RODA DE TER,
9100171360,CAFE DE L'ESGLESIA,CALLE MOSSEN PARASSOLS 1,TORELLÓ,
9100095188,MATADERO FRIGORIFICO AVINYO,"Carretera de Prats de Lluça Km 53,5",AVINYÓ,
9100058012,CAMPING LA VALL,Camí la Vallmitjana s/n,TARADELL,
9100058012,CAMPING LA VALL,Camí la Vallmitjana s/n,TARADELL,
9100058180,MAS L' ALBAREDA,Avinguda de Sant Llorenç 68,SANT JULIÀ DE VILATORTA,
9100058299,CANTABRIA RESTAURANT,CARRETERA B-521 (SANT HIPOLIT) KM 4,GURB,
9100058446,GUSTUM AREAS 1 (LLEIDA-GIRONA),"CARRETERA C-25 EIX TRANSVE KM 174,6",GURB,
9100058476,GUSTUM AREAS 2 (GIRONA-LLEIDA),"CARRETERA C-25 EIX TRANSVE KM 174,6",GURB,
9100058613,L'OLLA ROSTIDORIA,Carrer Núria 103,TORELLÓ,
9100058617,CAFETERIA PIZZERIA EL PONT,Carrer de Barcelona 71,RODA DE TER,
9100058730,ESCOLA D'HOSTALERIA D'OSONA,Passeig de la Suïssa s/n,TONA,
9100056658,MASIA LA ROCA,CALLE SANTA FE 2,TARADELL,
9100056827,CAL TEIXIDOR,Carrer de Puig-l'agulla s/n,SANT JULIÀ DE VILATORTA,
9100056987,LA CABRA BAR,CARRETERA B-522 VIC-MANLLEU KM 2,GURB,
9100056988,LA TAVERNA,Carrer de Sant Feliu 19,TORELLÓ,
9100057038,PRIMER EXPRESS,Carrer dels Estudis 6,TORELLÓ,
9100057483,CA L'ANGEL BAR,Plaça els Països Catalans 1,TORELLÓ,
9100057514,LA FORJA,CALLE BARCELONA 13,GURB,
9100057776,RESTAURANT EL ROSER,Avinguda Pau Casals 22,CALLDETENES,
9100057906,MARINA BAR,Calle de Enrique Prat de la Riba 15,TORELLÓ,
9100057926,EL RECO D'EN PERE,CALLE PIRINEU 22,SANTA EUGÈNIA DE BERGA,
9100058772,BRASSERIA EL TRIANGLE COHO,MATABOSCH C DEL TER 200,TORELLÓ,
9100639954,ESPURNA DEL TER,CALLE PIRINEU 8,LES MASIES DE RODA,
9100618226,CAFETERIA SANT TOMÀS,AVENIDA LA RIBERA 5,GURB,
9100633779,PADEL INDOOR TORELLO,C/ ESQUIROL S/N,TORELLÓ,
9100600530,CASAL VILASECA,CARRETERA BV-5626 7,ST. VINCENÇ DE TORELLO,
9100527972,VALERO VALLES,CALLE FRANÇA 16,TERRASSA,
9100058394,L'AURO,AUTOVIA C-17 KM 762,ORÍS,
9100041503,CAL QUIM,AVENIDA POMPEU FABRA 3,MONTMELO,
9100042301,BAR CA LA MARI,Prat de la Riba 74,BIGUES I RIELLS,
9100042414,CHACHI'S BAR,Plaça de la Vila S/N,LLIÇÀ DE VALL,00:00:00 - 00:00:00
9100042846,GRANJA D'EN PEP,PLAZA VILA 15,LLI#A DE VALL,08:00:00 - 13:30:00
9100043170,CA LA SETE,Avinguda de Sant Julià 217,GRANOLLERS,
9100043317,BAR CAFETERIA EL TAST,CARRETERA CALDES KM 14-15,LLIÇÀ D'AMUNT,
9100044116,BAR LA TACITA,CALLE DIPUTACIO 10,MONTMELO,
9100044483,RINCON DEL DUENDE,Carrer Tenes 23,LLIÇÀ D'AMUNT,
9100044483,RINCON DEL DUENDE,Carrer Tenes 23,LLIÇÀ D'AMUNT,
9100055559,LA FLOR MARISQUERIA,ANSELM CLAVE 3,SANTA MARIA DE MARTORELLES,
9100076545,CAFETERIA PANADERIA + QUE PA,CALLE CELLECS 6,LES FRANQUESES DEL VALLES,08:00:00 - 13:00:00
9100112714,PARADIS GRANJA,CALLE LA PRIMAVERA 10,MARTORELLES,
9100158437,CLASSIC CLUB MONTMELO,CALLE SANTIAGO RUSIÑOL,MONTMELO,
9100238822,CRISTINA BAR,AVENIDA PIERA 33,MARTORELLES,
9100301605,LA PARDITA,AVENIDA CATALUNYA 63,LLIÇÀ DE VALL,
9100371601,EL RACO DE LA PETRA,CALLE MATARRANYA 6,LLIÇA D'AMUNT,
9100377532,BAR RTE DOCTÑE,CALLE CARRERADA 11,MARTORELLES,
9100377532,BAR RTE DOCTÑE,CALLE CARRERADA 11,MARTORELLES,
9100410532,CAFETERIA DEGUSTACION LA CANTONADA,PASEO ANDALUSIA 24,BELLAVISTA,
9100411688,BAR PAREDES 4,PASEO ANDALUSIA 9,LES FRANQUESES DEL VALLÈS,
9100411688,BAR PAREDES 4,PASEO ANDALUSIA 9,LES FRANQUESES DEL VALLÈS,
9100414445,BAR LA TAHONA,CARRETERA PALAUDARIES 79,LLIÇÀ D'AMUNT,
9100414445,BAR LA TAHONA,CARRETERA PALAUDARIES 79,LLIÇÀ D'AMUNT,
9100422647,SNACK BAR OASIS,CARRETERA CALDES 57,GRANOLLERS,
9100422647,SNACK BAR OASIS,CARRETERA CALDES 57,GRANOLLERS,
9100424065,BAR MARIA,CALLE MAJOR 53,MONTMELÓ,
9100424065,BAR MARIA,CALLE MAJOR 53,MONTMELÓ,
9100511092,PADEL SPORTS & HEALTH OXIGEN,CALLE LA VERNEDA 66-70,MARTORELLES,
9100054889,LA CUPULA BAR,PLAZA LA VILA 4,SANT FOST DE CAMPSENTELLES,
9100055361,LA ROSA BAR,CALLE POMPEU FABRA 41,SANT FOST DE CAMPSENTELLES,
9100243079,BAR JOAN,CALLE BARCELONA 74,SANT FOST DE CAMPSENTELLES,
9100447655,CAFETERIA ANGELA,AVENIDA SANT JERONI 4,SANT FOST DE CAMPSENTELLES,
9100505409,INMOBILIARIA BENSOR,AVENIDA SANT JERONI 7,SANT FOST,
9100528985,SALTING GRANOLLERS,Carretera Cardedeu 1,BARCELONA,11:00:00 - 14:00:00
9100530921,BAR LA GRANJA,AVENIDA CANTALLOPS S/N,LLIÇÀ DE VALL,
9100558085,BAR CAMPO FUTBOL MONTMELO,Carrer Folch i Torras 1,MONTMELÓ,
9100056389,JORDI FERNANDEZ GODOY,PIRINEO 97,TORELLÓ,
9100044002,RSTE. LA PAGESA,SABADELL A GRANOLLERS KM 10.5,LLIÇA DE VALL,
9100054923,BAR CABALLERO (OCAÑA),AVENIDA PIERA 45,MARTORELLES,
9100070576,BAR LA TACITA DE PLATA,CALLE BARCELONA 62,LES FRANQUESES DEL VALLES,
9100120656,LA LLAR DE FOC I,MONTSERRAT 41-43,LLIÇA DE VALL,
9100120981,FORN DE PA R. RIUS,AVENIDA CANOVELLES 86,CANOVELLES,
9100127929,BAR LOS CAZADORES (GRANOLLERS),CALLE GIRONA 300,BELLAVISTA,
9100134891,BAR GARCIA,NAVARRA 43,ROCA DEL VALLES (LA),
9100139142,RAIGUER III,CAN FENOSA 21,MARTORELLES,
9100151684,PEPE.COM,AVENIDA MIL.LENARI 15,MONTMELO,
9100172700,PASTISSERIA CAN GANDUXER,ANDALUCIA 4,LES FRANQUESES DEL VALLÈS,
9100264859,BAR LA MIRANDA,CALLE DOCTOR FLEMING 6,LLIÇÀ DE VALL,00:00:00 - 00:00:00
9100342550,EL RECO DEL PLA,CALLE FRANCESC LAYRET 19-21,MARTORELLES,
9100054600,CELLER DE CAN RODA,CALLE L'HORTA 18,MARTORELLES,
9100055177,CAL TETE SANT FOST,AVENIDA SANT JERONI 13,SANT FOST DE CAMPSENTELLES,
9100252058,FAMILIAR BAR RESTAURANTE,AVENIDA SANT JERONI 3,SANT FOST DE CAMPSENTELLES,
128916,(RESTAURANT) SPORT & HEALTH OXIGEN,"CALLE VERNEDA 66-70, LOCAL 2",MARTORELLES,
126089,EL DEHESA,Plaça Augusta 3,SANT CUGAT DEL VALLÈS,
126089,EL DEHESA,Plaça Augusta 3,SANT CUGAT DEL VALLÈS,
119956,"FRIT RAVICH, S.L.",POL. IND. PUIGTIO CARRER RIUDELLOTS,MAÇANET DE LA SELVA,
9100190779,PALENTINO BAR,Avinguda de la Llibertat 39,MOLLET DEL VALLES,
9100271543,RTE JAPONES YOI AJI,AVENIDA LLIBERTAT 28,MOLLET DEL VALLES,
9100305166,ESTUDIANTIL BAR,AVENIDA BURGOS 76,MOLLET DEL VALLES,
9100305167,MONTSENY GRANJA BAR,AVENIDA BADALONA 8,MOLLET DEL VALLES,
9100354651,GIOVANNI GELATERIA,CALLE MERCAT 7,MOLLET DEL VALLES,
9100517197,OH PALADAR,CALLE ITALIA 28-30,MOLLET DEL VALLES,
9100519718,BAR DE L?ILLA,AVENIDA LLIBERTAT 24,MOLLET DEL VALLÈS,
9100054838,Bar El Parque,Carrer de Magallanes 16,MOLLET DEL VALLES,
9100055377,CASAL CULTURAL DE MOLLET,RAMBLA BALMES 2,MOLLET DEL VALLES,
9100121732,BAR EBANO,CALLE ANSELM CLAVE 19-21,MOLLET DEL VALLES,
9100281244,BAR GRANJA J.J.,Carrer Can Magre 23,MOLLET DEL VALLES,
9100296646,FRANKFURT MOLLET SL,Plaça de Prat de la Riba 19,MOLLET DEL VALLES,
9100331748,CAFETERIA PASTELERIA CALDERON,CALLE ENRIC MORERA 42,MOLLET DEL VALLES,07:00:00 - 13:00:00
9100336673,HOTEL IBIS,CALLE NICARAGUA 5,MOLLET DEL VALLES,
9100336673,HOTEL IBIS,CALLE NICARAGUA 5,MOLLET DEL VALLES,
9100341736,BAR CAN BORRELL,SALVADOR ESPRIU 32,MOLLET DEL VALLES,
9100369998,BAR LA TIETA,Avinguda de Jaume I 77,MOLLET DEL VALLES,
9100444956,BAR TRANSIT,ANTONI GAUDI 9,MOLLET DEL VALLÈS,
9100486027,BAR LOS CAZADORES,CALLE GALLECS 17,MOLLET DEL VALLÈS,
9100514208,SERGIO MORENO LIEBANA,CALLE DE LA JUSTADA 18,MOLLET DEL VALLÈS,
9100517477,EZEQUIEL GUARDIOLA DOÑA,AVENIDA LLIBERTAT 45,MOLLET DEL VALLÈS,
9100520123,CAL JORDI BAR,AVENIDA LLIBERTAT 4,MOLLET DEL VALLÈS,
9100522192,BAR CORALEX,CALLE JOAN MARAGALL 19,MOLLET DEL VALLÈS,
9100536443,CARLOS JUNCA SÁNCHEZ,SANT JORDI 49,MOLLET DEL VALLÈS,
9100536466,RAUL MOLIST SANZ,CALLE ONZE DE SETEMBRE 9-13,MOLLET DEL VALLÈS,
9100536469,JOSE MARIA SORIA JURADO,CALLE SANT VALENTI 1,MOLLET DEL VALLÈS,
9100536481,OSCAR REDONDO LORENZO,AVENIDA ANTONI GAUDI 8,MOLLET DEL VALLÈS,
9100541892,JULIO ALEJANDRO SANCHEZ FERNANDEZ,CALLE MOLI DE CAN BASSA S/N,MOLLET DEL VALLÈS,
9100567861,XAVIER FERRANDIZ RIBA,CALLE MOLI DE CAN BASSA S/N,MOLLET DEL VALLÈS,
9100568458,JOSE ESCABIAS OSORIO,CALLE MOLI DE CAN BASSA S/N,MOLLET DEL VALLÈS,
9100497829,BAR LOS ARCES,AVENIDA ANTONI GAUDI 19,MOLLET DEL VALLÈS,00:00:00 - 00:00:00
9100602299,BAR CHAPLIN,RAMBLA JOSEP TARRADELLAS 1-3,VIC,
9100145802,THE NEW ORLEANS,CALLE DOCTOR JUNYENT 10,VIC,
9100636960,EL 33,PLAZA SANTS MARTIRS 26,VIC,
9100541928,LA CIUTAT DELS SANTS,CALLE SANT ANTONI MARIA CLARET 1,VIC,
9100436371,GRANGES LA CATALANA,CALLE DOCTOR JUNYENT S/N,VIC,
9100569086,ANDRADES JIMENEZ MANUEL,CALLE PRUIT S/N,VIC,
9100294054,BAR LA PLACETA,AVENIDA MARTI GENIS I AGUILAR 27,VIC,
9100151045,LA BONA TAULA,CALLE MARE DE DEU DE LORDA 2,VIC,
9100135478,BAR L'HORTA VERMELLA,AVENIDA PAISOS CATALANS 95,VIC,
9100642662,CAFE SAMSARA,CALLE PARE GALLISSA 5,VIC,
9100632171,ELS BILLARS VIC,CALLE JAUME I EL CONQUERIDOR 1,VIC,
9100651724,CASAL DE LA GENT GRAN,CALLE SOLEDAT 13,VIC,
9100522518,FRANCISCO JOSE SANCHEZ ORTEGA,CALLE PERE MARTELL 80,BADALONA,
9100304652,BAR LA TABERNA,CALLE GIRONA 337,GRANOLLERS,
9100365812,BAR RESTAURANTE XIAN,CALLE GIRONA 14,GRANOLLERS,
9100447620,BAR RESTAURANTE LE VIS#N,PLAZA JAUME I 15,GRANOLLERS,
9100517443,CAFETERIA JALEY,CALLE LLUIS VIVES 45,GRANOLLERS,11:00:00 - 12:30:00
9100520022,ESPORTS CLUB GRANOLLERS,"GIRONA, 52",GRANOLLERS,
9100087371,EL RACO DE LA VIKI,PLAZA CAN BASSA 2,GRANOLLERS,
9100480482,BAR MILANA BRASERIA,CALLE ESTEVE GARRELL 3,GRANOLLERS,09:00:00 - 18:00:00
9100524060,BAR SAN ANTONIO,PLAZA FONT VERDA 1,GRANOLLERS,
9100495996,LA CAMPERIA,PLAZA PAU CASALS 14,GRANOLLERS,
9100153969,YAO SUSHI,CALLE PRINCEP DE VIANA 8,GRANOLLERS,
9100227012,NUNA´S,CALLE CAMP DE LES MORERES 5,GRANOLLERS,
9100310143,BAR RESTAURANT TROYA,CALLE JOAN PERE FONTANELLA 41,GRANOLLERS,
9100338196,SALA NAU B1,AVENIDA ENRIC PRAT DE LA RIBA 77,GRANOLLERS,
9100340260,BAR RESTAURANTE MERLY´S,ESTEVE TERRADES 38,GRANOLLERS,
9100420786,CAFETERIA FORN LA FLAIRE,CALLE MARE DE DEU DE MONTSERRAT 56,GRANOLLERS,
9100420786,CAFETERIA FORN LA FLAIRE,CALLE MARE DE DEU DE MONTSERRAT 56,GRANOLLERS,
9100445926,BAR CAFETERIA RICOMA,CALLE MIQUEL RICOMA 92,GRANOLLERS,
9100506888,BAR RESTAURANTE ITACA,CALLE RAFAEL CASANOVA 56,GRANOLLERS,
9100507154,TEATRE AUDITORI DE GRANOLLERS-BAR,CALLE JOSEP TORRAS I BAGES 50,GRANOLLERS,
9100507921,KARMA´S,CALLE ISABEL DE VILLENA 35,GRANOLLERS,
9100513397,BAR LA VERMUTERIA,CALLE SANT JAUME 32,GRANOLLERS,11:00:00 - 16:00:00
9100525754,BAR NEVADA II,CALLE TRES TORRES 16,GRANOLLERS,
9100151566,BAR XINO XANO,RAFAEL CASANOVAS 50,GRANOLLERS,
9100239658,ESTANCO MONTCADA,RAMBLA PAISOS CATALANS 77,MONTCADA I REIXAC,
9100639016,BAR VILLA,PLAZA DALT VILA 12,MANLLEU,
9100637313,BAR FOMENT,ENRIC DELARIS 28,MANLLEU,
9100574086,BAR AYTA,CALLE SANTA MARIA DE CORCO 23,MANLLEU,
9100562472,BAR PUIG-MEALS,CALLE SOGORB 35-37,MANLLEU,
9100374147,BAR OLIVEDA,CARRETERA RODA 18,MANLLEU,
9100332707,BAR BUS STOP,PLAZA FRA BERNADI 27,MANLLEU,
9100158102,LA NORIA BAKERY,CALLE BUTJOSA 58,PARETS DEL VALLES,
9100158099,RESTAURANTE EL SOL,CALLE VICTOR CATALA 15,PARETS DEL VALLES,
9100230870,THE JOSE'S BAR PARETS,LA SALUT 37 A,PARETS DEL VALLES,00:00:00 - 00:00:00
9100239659,LA FLECA D'EN GREC,D'EN GEGANT 10,PARETS DEL VALLES,
9100529011,IVAN QUESADA MARTINEZ,CALLE POESIA 7,PARETS DEL VALLÈS,
9100169606,LA PLAÇA BAR,PLAZA PAISOS CATALANS 1,MONTORNES DEL VALLES,
9100282679,CAFETERIA CAL ELVIRA,Avinguda de l'Onze de Setembre 48,MONTORNÈS DEL VALLÈS,
9100334134,HERMANOS PADILLA,Carrer de Federico García Lorca 12,MONTORNES DEL VALLES,
9100517175,JOAQUIN QUINTANILLA CARICOL,CALLE GENERAL PRIM 6,MONTORNÈS DEL VALLÈS,
9100536467,ANTONIO DIAZ AGUILA,CALLE SANT ISIDRE 16,MONTORNÈS DEL VALLÈS,
9100542820,LA BRUIXETA,Carrer de Jacint Verdaguer 6,MONTORNÈS DEL VALLÈS,
9100535918,DAVID SEGOVIA ARMERO,AVENIDA VALLES 546,TERRASSA,
9100041161,BAR EL GARAJE,CALLE JOSEP TARRADELLAS 28,MONTMELO,
9100041161,BAR EL GARAJE,CALLE JOSEP TARRADELLAS 28,MONTMELO,
9100161621,FORN VALERO,Carrer Major 16,MONTMELÓ,
9100161621,FORN VALERO,Carrer Major 16,MONTMELÓ,
9100229412,CAFETERIA GRANJA LA CREPE,JOSEP TARRADELLAS 16,MONTMELO,
9100443296,BODEGA CAMELOT,PLAZA SANT ISIDRE 11,MONTMELO,
9100443296,BODEGA CAMELOT,PLAZA SANT ISIDRE 11,MONTMELO,
9100512676,CAFETERIA ZURICH,CALLE MAJOR 11,MONTMELO,
9100521616,BAR BOTE,CALLE SANTIAGO RUSI?OL 9,MONTMELÓ,
9100565827,L'ESTANYOL RESTAURANT,CALLE L'ESTANYOL S/N,EL BRULL,
9100556955,DESIG,PLAZA LA VILA 2,TORELLÓ,
9100126372,BAR SNACK,PLAZA BISAURA 2,SANT QUIRZE DE BESORA,
9100627695,BAR PAVELLO ST JULIA VILATORTA,AVENIDA SANT LLORENÇ S/N,SANT JULIÀ DE VILATORTA,
9100572378,"CAN BRANQUES RESTAURANT, S.",CALLE GRACIA 4,ORÍS,
9100563070,BAR PUNT DE TROBADA,PLAZA JOANOT MARTORELL 1,TORELLÓ,
9100640157,CAN LIRO,Carrer dels Marquesos de Palmerol 2,SANT HIPÒLIT DE VOLTREGÀ,
9100635212,BAR REST.EL CENACHERO,CALLE ONZE DE SETEMBRE 29,LES MASIES DE VOLTREGÀ,
9100634356,BAR LA PUÇA,CALLE SANT MARTI XIC 6,LES MASIES DE VOLTREGÀ,
9100420327,ANA MARIA FONT COLL,CALLE SANT ISIDRE 7,MARTORELLES,
9100075744,RESTAURANTE SANT SADURNI,CALLE SANT SADURNI 37-39,LA ROCA DEL VALLES,00:00:00 - 00:00:00
9100233605,MARTU CITY,PIERA 53,MARTORELLES,00:00:00 - 00:00:00
9100423767,BAR CAN CERVANTES,GERONA 191,GRANOLLERS,
9100503009,JUAN JAVIER PONCE,PASEO PINTOR SERT 19,LA LLAGOSTA,
9100512192,JOSE PEREZ FERNANDEZ,CALLE MATAGALLS 16,MARTORELLES,
9100513427,MONTSERRAT PEREZ HERRERA,CALLE MATAGALLS 16,MARTORELLES,
9100514206,SANTOS QUILES HORTAL,AVENIDA SANT MORITZ 15,LLI?A DE VALL,
9100526119,BAR INDELALBA,DE LA MUNTANYA 100,GRANOLLERS,
9100536830,LLUIS CORS BOIX,CALLE CARGOLS 30,LLIÇÀ DE VALL,
9100420785,RESTAURANTE PALOU,AVENIDA SANT JULIA 198,GRANOLLERS,
9100497770,RSTE. MESON BELLAVISTA,CALLE GIRONA 34,LES FRANQUESES DEL VALLES,
9100556483,MARC ANGLADA PORTET,CALLE JAUME I 22,RODA DE TER,
9100300991,TRIVI´S BAR,L'ALIANÇA 20,LLIÇA D'AMUNT,
9100120799,CAFE#L'ESTONA,CALLE RAMON LLULL 17,GRANOLLERS,
9100122840,BAR AMISTAD,SANT ESTEVE 59,GRANOLLERS,
9100139584,BAR MERINO,BAILEN 31,ROCA DEL VALLES (LA),
9100140860,RESTAURANTE LA GRESCA,CR FRANCESC MACIA 261 -,GRANOLLERS,
9100283498,MIXU#S CAT CAFE,PASEO MUNTANYA 13-15,GRANOLLERS,
9100522267,FORN L'ANTIC,AVENIDA RAFAEL CASANOVA 12,MOLLET DEL VALLÈS,
9100054744,VENECIA BAR,RONDA ORIENT 14,MOLLET DEL VALLES,
9100054778,TENTACION BAR (2007),RAMBLA POMPEU FABRA 38,MOLLET DEL VALLES,
9100054857,CABAÑA DEL TIO TOM BAR,Avinguda de Burgos 66,MOLLET DEL VALLES,
9100055224,CORDOBES BAR,RAMBLA NOVA 71,MOLLET DEL VALLES,
9100055497,EL GARBI BAR,RAMBLA POMPEU FABRA 20,MOLLET DEL VALLES,
9100055508,XURRERIA,Avinguda de la Llibertat 2,MOLLET DEL VALLES,07:00:00 - 08:30:00
9100056293,PEKIN RESTAURANT,PASAJE SANT MIQUEL 16,MOLLET DEL VALLES,13:00:00 - 16:00:00
9100075499,TOTEM BAR,Carrer d'Alexander Fleming 2,MOLLET DEL VALLES,
9100403364,GRACIELA PANADERIA-CAFETERIA,RAMBLA NOVA 93,MOLLET DEL VALLES,00:00:00 - 00:00:00
9100403364,GRACIELA PANADERIA-CAFETERIA,RAMBLA NOVA 93,MOLLET DEL VALLES,00:00:00 - 00:00:00
9100043749,FRANKFURT SANTA MARTA,RONDA 9,MOLLET DEL VALLES,
9100054481,CHUS RESTAURANT,CALLE CARME 22-24,MOLLET DEL VALLES,
9100054565,ESPAI BAR,AVENIDA JAUME I 207,MOLLET DEL VALLES,
9100054732,CASTELLERS DE MOLLET,Carrer Miguel de Cervantes 19,MOLLET DEL VALLES,
9100054873,LA GAMBA BAR,Carrer de Sant Joan 26,MOLLET DEL VALLES,
9100055568,LA PERA BAR,Avinguda de Jaume I 57,MOLLET DEL VALLES,
9100184449,LA BODEGUETA DE MOLLET,PLAZA PRAT DE LA RIBA 3,MOLLET DEL VALLES,
9100366732,BOCA JUNIOR,Carrer de Can Pantiquet 36,MOLLET DEL VALLES,
9100366733,LA BELLA CALABRIA - PIZZERIA RESTAU,CALLE CAN MOLLET 30,MOLLET DEL VALLES,
9100553669,CERVESERIA CIUTAT,Carrer de Francesc Ferrer i Guàr 15,MOLLET DEL VALLES,
9100629788,BAR ALEBRIJES,CALLE BERENGUER III 118,MOLLET DEL VALLES,13:15:00 - 16:00:00
9100655002,BAR POR EJEMPLO,CALLE PINEDA FOSCA 2,MOLLET DEL VALLES,
9100655372,PUNT DE TROBADA,Carrer de Can Pantiquet 18,MOLLET DEL VALLES,11:30:00 - 13:00:00
9100680393,Confidencial,Carrer de Ramon Casas 9,MOLLET DEL VALLES,
9100530919,LA GRANJA,CAN MAGRE 23,MOLLET DEL VALLÈS,
9100054639,PA I CAFETERIA DE L'AVIA,CALLE GAIETA VINZIA 60,MOLLET DEL VALLES,
9100054644,MARIETA RESTAURANT,CALLE ESGLESIA 9,MOLLET DEL VALLES,
9100054973,COLLA DELS TORRATS,CALLE MIGUEL DE CERVANTES 19-23,MOLLET DEL VALLES,
9100056047,ZAMORA BAR,CALLE FRANCESC LAYRET 18,MOLLET DEL VALLES,
9100733609,BAR FUTBOL LOURDES,CAMINO CAN VILA S/N,MOLLET DEL VALLES,
9100054513,RENFE NORD CANTINA,CALLE JOAN MARAGALL S/N,MOLLET DEL VALLES,
9100609140,EL RETORN,CALLE SANT FRANCESC 110,VIC,
9100730075,CANDELA,Plaça de la Catedral 6,VIC,
9100259166,ZONA DIESEL,CALLE LLEIDA S/N,VIC,
9100443450,CLUB POCKET BIKE,CALLE PEROT ROCAGUINARDA 5,VIC,
9100523487,SUSHI YE,CARRETERA B-521 6,VIC,
9100755440,RESTAURANT NOU PAMPLONA HIGIENE,Carrer Eix Onze de Setembre 11,VIC,
9100759507,OSONA CUINA,PLAÇA MAJOR 1,VIC,
9100678069,Bagel Coffee,Carrer d’en Perot Rocaguinarda 29,VIC,
9100678719,BAR FUSINA,Carrer de la Fusina 34,VIC,
9100610240,BAR TAVERNA D'PAS,CALLE SANTIAGO RUSI#OL 1,VIC,
9100627975,BAR BIG BAO,CALLE NORD 1,VIC,
9100564797,CASINO DE VIC,CALLE JACINT VERDAGUER 5,VIC,
9100466625,ANATOLIA KEBAB,CALLE SANT FIDEL 3,VIC,
9100134828,EL CALIU RESTAURANT (VIC),CALLE RIERA 13,VIC,
9100119869,IL PICCOLO BIONDO,CALLE RAMADA 4,VIC,
9100119869,IL PICCOLO BIONDO,CALLE RAMADA 4,VIC,
9100127992,BAR ATLANTIDA,CALLE PRAT D'EN GALLINERS S/N,VIC,
136675,MGA GP VIC,"CTRA. DE SANT HIPÒLIT, 53 (NAU 4)",VIC,
136675,MGA GP VIC,"CTRA. DE SANT HIPÒLIT, 53 (NAU 4)",VIC,
9100040724,CASA FONDA EUROPA,CALLE ANSELM CLAVE 1,GRANOLLERS,07:00:00 - 12:00:00
9100041355,BAR LOS AMIGOS,CALLE GIRONA 301,GRANOLLERS,
9100041765,RESTAURANTE EL FOGON,CALLE EMILI BOTEY ALSINA 14,GRANOLLERS,
9100041774,BAR EL TACO,Girona 114,GRANOLLERS,
9100041990,BAR TIMANFAYA II,CALLE JOAN PRIM 114,GRANOLLERS,
9100042037,ALORA,AVENIDA PARC S/N,GRANOLLERS,
9100042037,ALORA,AVENIDA PARC S/N,GRANOLLERS,
9100042491,CAFE DE LA CORONA,PLAZA CORONA 14,GRANOLLERS,
9100043799,BAR ALASKA,CALLE FRANCESC RIBAS 1,GRANOLLERS,
9100044409,XAVISAN,GERONA 21,GRANOLLERS,
9100076613,GRANJA GROC,PLAZA CORONA 9,GRANOLLERS,08:00:00 - 10:00:00
9100134890,BAR EL TUBO,PASEO MUNTANYA 70,GRANOLLERS,
9100264654,SHINGARI SUSHI BAR,AVENIDA SANT ESTEVE 59,GRANOLLERS,
9100521595,BAR?JOAN?PRIM,CALLE JOAN PRIM 182,GRANOLLERS,
9100521678,PAPUA COLL DE LA MANYA,CALLE JOANOT MARTORELL 272,GRANOLLERS,06:00:00 - 11:00:00
9100521678,PAPUA COLL DE LA MANYA,CALLE JOANOT MARTORELL 272,GRANOLLERS,06:00:00 - 11:00:00
9100633076,CAVANET,CALLE ALFONS IV 85,GRANOLLERS,
9100755674,BAR RESTAURANTE A PICOS,Passeig de la Muntanya 17,GRANOLLERS,
9100761572,BAR RESTAURANTE CAL DAVID,Carrer d'Emili Botey Alsina 22,GRANOLLERS,
9100765851,BAR LAMIA,Carrer d' Esteve Garrell 8,GRANOLLERS,
9100042261,RIEGOS IBERIA REGABER,CL GARBI N£M. 3 -,PARETS DEL VALLES,
9100041053,BAR CERVECERIA JORDI,Carrer de Prat de la Riba 31,PARETS DEL VALLES,11:00:00 - 16:00:00
9100041393,BAR LAS COLUMNAS,CATALUNYA 102,PARETS DEL VALLES,
9100041543,BAR LOS GALLEGOS,Avinguda de Catalunya 92,PARETS DEL VALLES,
9100041555,Restaurant Molí de Vent,Carrer del Garbí 13,PARETS DEL VALLES,
9100041840,BAR SAGITARIO,Carrer d'Aragó 2,PARETS DEL VALLES,
9100054649,LLEVANTPARK SL,TENES S/N PARC LEVANT -,PARETS DEL VALLES,
9100150711,LA PERGOLA,PAU CASALS 33,PARETS DEL VALLES,
9100366724,FRANKFURT LASA,CALLE SALVADOR ESPRIU 10,PARETS DEL VALLES,
9100373488,PIZZA VALLES,AVENIDA PEDRA DEL DIABLE 9,PARETS DEL VALLES,09:00:00 - 09:15:00
9100756811,BAR COCO,Avinguda de la Pedra del Diable 9,PARETS DEL VALLÈS,
9100043208,GRANOLLERS COCINAS,CL LLOBREGAT 2 -,PARETS DEL VALLES,
9100042829,BAR MORANA,CALLE MALLORCA 10,GRANOLLERS,
9100042612,BAR MALENO II,RAMON LLULL 18,GRANOLLERS,
9100043364,BAR LA LOLA,MANEL MUNTANYA 5,GRANOLLERS,
9100043381,LA BAGUETINA,CALLE ANNIBAL 59,GRANOLLERS,
9100059282,HOTEL ATENEA VALLES,MAGALLANES SN,GRANOLLERS,
9100121164,EL RACO DE LES MORERES,CAMP DE LES MORERES 13,GRANOLLERS,
9100373640,FLECA P.BRETCHA (CAN BASSA),PLAZA JOSEP MALUQUER I SALVADOR 17,GRANOLLERS,
9100373641,FLECA P.BRETCHA (BELLAVISTA),PLAZA JOSEP MALUQUER I SALVADOR 17,GRANOLLERS,
9100047575,CLUB DE GOLF SANT CUGAT,Carrer de Villà 79,SANT CUGAT DEL VALLÈS,
9100043198,BAR BODEGA ALVAREZ,BLAS INFANTE 14-16,MONTORNES DEL VALLES,
9100043408,"BAR L,OREIG (HOTEL CAN CAMPA)",ONCE DE SEPTIEMBRE 51,MONTORNES DEL VALLES,
9100043540,BAR 28,MAJOR 28,MONTORNES DEL VALLES,
9100043719,RSTE. LA CABAÑA,LLIBERTAT 12,MONTORNES DEL VALLES,
9100044366,BAR LOS HERMANOS.,FEDERICO GARCIA LORCA 21,MONTORNES DEL VALLES,
9100055329,SANLUQUEÑOS BAR,SUR 5,MONTORNES DEL VALLES,
9100366735,FRANKFURT II VELEZ,AVENIDA L'ONZE DE SETEMBRE 29,MONTORNES DEL VALLES,
9100468163,PASTELERIA CAFETERIA ELENA,MAJOR 45,MONTORNÈS DEL VALLÈS,
9100044480,PEÑA PERE ANTON,CAN PARELLADA SN,MONTORNÈS DEL VALLÈS,
9100563722,BAR LA CUCA,BLAS INFANTE 22,MONTORNÈS DEL VALLÈS,12:00:00 - 12:30:00
9100725417,CHURROS CRUZ,Plaça de Pau Picasso 1,MONTORNÈS DEL VALLÈS,
9100750960,COME BIEN RESTAURANTE,Carrer de Federico García Lorca 25,MONTORNÈS DEL VALLÈS,
9100373506,PENYA ELS BARTOMEUS,PLAZA JOAQUIM MIR 1,MONTORNES DEL VALLES,
9100373422,CHARCUTERIA BENITA,PLAZA DE LA CASERNA S/N,GRANOLLERS,
9100040748,RESTAURANTE RAMASSA,BARCELONES 9,CORRO D´AVALL,
9100040967,RSTE. BONA TAULA,MONTSERRAT 36,LLIÇA DE VALL,
9100041059,"L,ESTACIO DE SERVEI",VALLES 1,CORRO D´AVALL,
9100041485,BAR TONYSA,Carrer del Pintor Mir 2,MONTMELÓ,
9100041564,BAR RESTAURANTE MORDISQUITO,"CR JOAN PRIM, 90 -",GRANOLLERS,
9100041740,CARNICERIA CANADELL,FOLCH I TORRES 95,LLIÇA D´AMUNT,
9100042249,BAR RUMY,JOANOT MARTORELL 1,GRANOLLERS,
9100042500,CAFE SANT ROC,"CR SANT ROC, 5 -",GRANOLLERS,08:00:00 - 11:00:00
9100042942,BAR EL VERMUTILLO,DE LES HORTES 2,GRANOLLERS,
9100043107,RESTAURANTE LOS ANGELES,CR GRANOLLERS SABADELL KM. 13 -,LLIÇA DE VALL,07:00:00 - 11:00:00
9100043454,FRUTOS SECOS LA CLOSCA,CALLE SANTA ELISABETH 9,GRANOLLERS,
9100043839,BAR PLAZA GRAN,GRAN 3,MONTMELO,
9100043866,BAR YUMEI,GIRONA 210,GRANOLLERS,
9100044089,RESTAURANTE MERITXELL,Avinguda Cantallops 14,LLIÇÀ DE VALL,
9100044243,PUNTO,VALENCIA 60,ROCA DEL VALLES (LA),10:00:00 - 14:00:00
9100044326,BAR CAN MOI,PASEO ANDALUSIA 103,BELLAVISTA,
9100044359,Restaurante Adela de Lliçà d'Amunt,Passeig de Sant Valerià 171,LLIÇÀ D'AMUNT,
9100044399,FLECA BRETCHA (PSG. MONTANYA),ESPANYA 8,FRANQUESES DEL VALLES (LES),
9100044419,RSTE. LA GRUILLA,Carretera Parets a Bigues 8,LLIÇÀ D'AMUNT,
9100044419,RSTE. LA GRUILLA,Carretera Parets a Bigues 8,LLIÇÀ D'AMUNT,
9100041886,RESTAURANTE MARCOS,CALLE JAUME GINESTI 1,VILANOVA DEL VALLES,
9100044099,SUPERMERCADO GASOLINERA DISCAU,CARRETERA MONTMELO 120,GRANOLLERS,
9100110789,GRUP TESI,Carrer de Joanot Martorell 121,GRANOLLERS,
9100150866,DIVERSUS GASTRONOMIA,MASIA CAN MALE S/N,LLIÇA D'AMUNT,
9100614225,LA NOVA LLIMA,JAUME I 14,SANTA EUGÈNIA DE BERGA,
9100597250,BAR ELS ESTUDIS,PLAZA AJUNTAMENT S/N,MALLA,
9100590492,RESTAURANT CAL XORIGUER,CALLE PUIG 2,SANTA EULÀLIA DE RIUPRIMER,
9100169481,"BAR CAN TON, S.C.P",CALLE MAJOR 33,SANTA EULÀLIA DE RIUPRIMER,
9100130145,RESTAURANT UNTOK,CALLE ELS PIRINEUS 21,GURB,
9100473447,RESTAURANT PUIGLAGULLA,CARRETERA PUIG-L'AGULLA S/N,SANT JULIÀ DE VILATORTA,
9100627170,ELS FOGONS DE LA NEUS,AUTOVIA C-17 KM 81,SANT QUIRZE DE BESORA,
9100568729,BAR COOPERATIVA,AVENIDA JOAN MARAGALL 2,SANT PERE DE TORELLÓ,
9100461830,BAR CANIGO,Carrer de Canigó 41,TORELLÓ,
9100252094,BAR RACO JUVENIL,PLAZA JOANOT MARTORELL 19,TORELLÓ,
9100139252,BAR EL CASAL,PLAZA NOVA 14,TORELLÓ,
9100129209,KBCIK,PLAZA LA SARDANA 6,TORELLÓ,
9100126369,EL GAT BAR,CALLE ELS ESTUDIS 13,TORELLÓ,
9100410610,BAR TSE-TSE,PLAZA VELLA 3,TORELLÓ,
9100615441,WAYE 66,Passeig de Sant Joan 66,MANLLEU,
9100606155,BAR REST. MANLLEU,AVENIDA ROMA 104,MANLLEU,
9100160054,BAR NOU,CALLE SANT JOSEP 2,LES MASIES DE RODA,
9100609846,BAR NO HO SE,CALLE NURIA 14,TORELLÓ,
9100058035,L'ESPAI RESTAURANT,CALLE REC D'ACUMULADA 9,FOLGUEROLES,
9100056628,CABANYA MIR,CARRETERA VIDRA KM 1,SANTA MARIA DE BESORA,
9100043594,RSTE. PEIX D'OR,MATARO A GRANOLLERS S/N,LA ROCA DEL VALLÈS,
9100420424,PADEL ARGELAGUES,DEL PILAR 4,LLIÇÀ DE VALL,
9100536947,JOSE QUILES CARRERAS,AVENIDA SANT MORITZ 15,LLIÇÀ DE VALL,
9100540250,ZONA ACAMPADA CIRCUIT CATALUNYA,CALLE MAS MORENETA S/N,MONTMELÓ,
9100540250,ZONA ACAMPADA CIRCUIT CATALUNYA,CALLE MAS MORENETA S/N,MONTMELÓ,
9100542312,RACÓ DE SANT FOST,CALLE MIQUEL BIADA 1,SANT FOST DE CAMPSENTELLES,
9100547001,BAR PARC DEL TENES,PAISOS CATALANS SN,LLIÇA D´AMUNT,
9100563721,HOSTAL SERRA,MAJOR 1,MONTMELÓ,
9100574583,BAR ALIANÇA,Carrer l'Aliança 17,LLIÇÀ D'AMUNT,
9100576639,ATENEU ALIANÇA,Carrer l'Aliança 17,LLIÇÀ D'AMUNT,
9100576643,LA TAVERNA DEL ULTIMO HEAVY,CAN ROURE 18,LLIÇA D´AMUNT,
9100373403,FLECA LA FLORIDA,CALLE LA FLORIDA 22,LA LLAGOSTA,
9100373428,HEBRON,CALLE GIRONA 20,LA LLAGOSTA,
9100041363,CIRCUITO DE CATALUNYA,CAMI MAS MORENETA SN,MONTMELO,
9100041363,CIRCUITO DE CATALUNYA,CAMI MAS MORENETA SN,MONTMELO,
9100041363,CIRCUITO DE CATALUNYA,CAMI MAS MORENETA SN,MONTMELO,
9100041363,CIRCUITO DE CATALUNYA,CAMI MAS MORENETA SN,MONTMELO,
9100242346,LA PIZZETA,CALLE CANIGO 1,SANTA EUGÈNIA DE BERGA,
9100041442,BAR ROMERO,Passeig de Can Salgot 29,LLIÇÀ D'AMUNT,00:00:00 - 00:00:00
9100041618,PISCINAS LLIÇA DE MUNT,PAISOS CATALANS SN,LLIÇA D´AMUNT,
9100044043,BAR NADAL,CARRETERA C-155 KM 14,LLIÇA DE VALL,
9100044130,BAR TALGO,ENGINYER 7-9,GRANOLLERS,
9100044391,BAR MIRADOR,BARCELONA 110,LES FRANQUESES DEL VALLES,
9100120687,DELS CASTANYERS RESTAURANT,CAMINO ELS CASTANYERS S/N,SANT FOST DE CAMPSENTELLES,
9100043706,RESTAURANTE MELARA,DE LA NORIA 15,"ROCA DEL VALLES, LA",
9100716110,BAR EL CAFETO,Carrer de Cabrera 1,TORELLÓ,
9100687352,Latitud 42,Carrer de Sant Miquel 1,TORELLÓ,
9100744181,MAISON DU GRAIN (LLISA AMUNT),Carrer Baronia de Montbui 42,LLIÇÀ D'AMUNT,
9100661607,DIR SANT CUGAT,CARRETERA RUBI 76-78,SANT CUGAT DEL VALLÈS,
9100627485,Ca la Cisca,Avinguda Montserrat 12,LLIÇÀ DE VALL,
9100740458,FORN CAFETERIA AVENIDA,AVINGUDA D'ANGEL SALLENT 146,TERRASSA,
9100749021,RESTAURANT 69KDIRES,Avinguda de Pompeu Fabra 24,MONTMELÓ,
9100755589,La Sala,Carrer Josep Tarradellas 31,SANTA EULÀLIA DE RONÇANA,
9100758360,CULTURAL CAN ROVIRA,Carrer de l'Alzina 29,LLIÇÀ D'AMUNT,
9100667648,CA LA NENA,Carrer Gran 20,CALLDETENES,
9100681544,LA TASKA DE CARMEN,PASEO ANDALUSIA 15-17,LES FRANQUESES DEL VALLES,
9100743215,Restaurant L'Arumí,Carretera d'Arbúcies 21,SANTA EUGÈNIA DE BERGA,
9100736229,HOSTAL CAL XIC,Carrer del Freixa 1,SANT PAU DE SEGÚRIES,
9100736213,HOTEL RESGUARD DELS VENTS,CARRETERA GIV-5262 S/N,RIBES DE FRESER,
119646,OBSEQUIOS EVENTOS TURIA,"ROSELLON, 515",BARCELONA,
119642,OBSEQUIOS EVENTOS DEPORTIVOS DAMM,"ROSELLON, 515",BARCELONA,
9100097548,GRANJA VINALLONGA,CALLE JACINT VERDAGUER 3,MONTORNES DEL VALLES,
9100385693,LA COCA DE FOLGUEROLES,Carrer Camí Vell de Vic 16,FOLGUEROLES,
100423,DISTRIDAM,"C/ PRAT DE LA RIBA, 13",SANT BOI DE LLOBREGAT,
100423,DISTRIDAM,"C/ PRAT DE LA RIBA, 13",SANT BOI DE LLOBREGAT,
100423,DISTRIDAM,"C/ PRAT DE LA RIBA, 13",SANT BOI DE LLOBREGAT,
100423,DISTRIDAM,"C/ PRAT DE LA RIBA, 13",SANT BOI DE LLOBREGAT,
100423,DISTRIDAM,"C/ PRAT DE LA RIBA, 13",SANT BOI DE LLOBREGAT,
100423,DISTRIDAM,"C/ PRAT DE LA RIBA, 13",SANT BOI DE LLOBREGAT,
100423,DISTRIDAM,"C/ PRAT DE LA RIBA, 13",SANT BOI DE LLOBREGAT,
100423,DISTRIDAM,"C/ PRAT DE LA RIBA, 13",SANT BOI DE LLOBREGAT,
100423,DISTRIDAM,"C/ PRAT DE LA RIBA, 13",SANT BOI DE LLOBREGAT,
100423,DISTRIDAM,"C/ PRAT DE LA RIBA, 13",SANT BOI DE LLOBREGAT,
100423,DISTRIDAM,"C/ PRAT DE LA RIBA, 13",SANT BOI DE LLOBREGAT,
100423,DISTRIDAM,"C/ PRAT DE LA RIBA, 13",SANT BOI DE LLOBREGAT,
100423,DISTRIDAM,"C/ PRAT DE LA RIBA, 13",SANT BOI DE LLOBREGAT,
100423,DISTRIDAM,"C/ PRAT DE LA RIBA, 13",SANT BOI DE LLOBREGAT,
100423,DISTRIDAM,"C/ PRAT DE LA RIBA, 13",SANT BOI DE LLOBREGAT,
100423,DISTRIDAM,"C/ PRAT DE LA RIBA, 13",SANT BOI DE LLOBREGAT,
100423,DISTRIDAM,"C/ PRAT DE LA RIBA, 13",SANT BOI DE LLOBREGAT,
100423,DISTRIDAM,"C/ PRAT DE LA RIBA, 13",SANT BOI DE LLOBREGAT,
100423,DISTRIDAM,"C/ PRAT DE LA RIBA, 13",SANT BOI DE LLOBREGAT,
100423,DISTRIDAM,"C/ PRAT DE LA RIBA, 13",SANT BOI DE LLOBREGAT,
100423,DISTRIDAM,"C/ PRAT DE LA RIBA, 13",SANT BOI DE LLOBREGAT,
100423,DISTRIDAM,"C/ PRAT DE LA RIBA, 13",SANT BOI DE LLOBREGAT,
100423,DISTRIDAM,"C/ PRAT DE LA RIBA, 13",SANT BOI DE LLOBREGAT,
100423,DISTRIDAM,"C/ PRAT DE LA RIBA, 13",SANT BOI DE LLOBREGAT,
100423,DISTRIDAM,"C/ PRAT DE LA RIBA, 13",SANT BOI DE LLOBREGAT,
100423,DISTRIDAM,"C/ PRAT DE LA RIBA, 13",SANT BOI DE LLOBREGAT,
100423,DISTRIDAM,"C/ PRAT DE LA RIBA, 13",SANT BOI DE LLOBREGAT,
100423,DISTRIDAM,"C/ PRAT DE LA RIBA, 13",SANT BOI DE LLOBREGAT,
100423,DISTRIDAM,"C/ PRAT DE LA RIBA, 13",SANT BOI DE LLOBREGAT,
100423,DISTRIDAM,"C/ PRAT DE LA RIBA, 13",SANT BOI DE LLOBREGAT,
100423,DISTRIDAM,"C/ PRAT DE LA RIBA, 13",SANT BOI DE LLOBREGAT,
100423,DISTRIDAM,"C/ PRAT DE LA RIBA, 13",SANT BOI DE LLOBREGAT,
100423,DISTRIDAM,"C/ PRAT DE LA RIBA, 13",SANT BOI DE LLOBREGAT,
100423,DISTRIDAM,"C/ PRAT DE LA RIBA, 13",SANT BOI DE LLOBREGAT,
100423,DISTRIDAM,"C/ PRAT DE LA RIBA, 13",SANT BOI DE LLOBREGAT,
100423,DISTRIDAM,"C/ PRAT DE LA RIBA, 13",SANT BOI DE LLOBREGAT,
100423,DISTRIDAM,"C/ PRAT DE LA RIBA, 13",SANT BOI DE LLOBREGAT,
100423,DISTRIDAM,"C/ PRAT DE LA RIBA, 13",SANT BOI DE LLOBREGAT,
100423,DISTRIDAM,"C/ PRAT DE LA RIBA, 13",SANT BOI DE LLOBREGAT,
100423,DISTRIDAM,"C/ PRAT DE LA RIBA, 13",SANT BOI DE LLOBREGAT,
100423,DISTRIDAM,"C/ PRAT DE LA RIBA, 13",SANT BOI DE LLOBREGAT,
100423,DISTRIDAM,"C/ PRAT DE LA RIBA, 13",SANT BOI DE LLOBREGAT,
100423,DISTRIDAM,"C/ PRAT DE LA RIBA, 13",SANT BOI DE LLOBREGAT,
100423,DISTRIDAM,"C/ PRAT DE LA RIBA, 13",SANT BOI DE LLOBREGAT,
100423,DISTRIDAM,"C/ PRAT DE LA RIBA, 13",SANT BOI DE LLOBREGAT,
100423,DISTRIDAM,"C/ PRAT DE LA RIBA, 13",SANT BOI DE LLOBREGAT,
100423,DISTRIDAM,"C/ PRAT DE LA RIBA, 13",SANT BOI DE LLOBREGAT,
100423,DISTRIDAM,"C/ PRAT DE LA RIBA, 13",SANT BOI DE LLOBREGAT,
100423,DISTRIDAM,"C/ PRAT DE LA RIBA, 13",SANT BOI DE LLOBREGAT,
100423,DISTRIDAM,"C/ PRAT DE LA RIBA, 13",SANT BOI DE LLOBREGAT,
100423,DISTRIDAM,"C/ PRAT DE LA RIBA, 13",SANT BOI DE LLOBREGAT,
100423,DISTRIDAM,"C/ PRAT DE LA RIBA, 13",SANT BOI DE LLOBREGAT,
100423,DISTRIDAM,"C/ PRAT DE LA RIBA, 13",SANT BOI DE LLOBREGAT,
100423,DISTRIDAM,"C/ PRAT DE LA RIBA, 13",SANT BOI DE LLOBREGAT,
100423,DISTRIDAM,"C/ PRAT DE LA RIBA, 13",SANT BOI DE LLOBREGAT,
128249,DDI PROVEA SL (BARCELONA),CALLE ROSSELLO 515,BARCELONA,
128249,DDI PROVEA SL (BARCELONA),CALLE ROSSELLO 515,BARCELONA,
128249,DDI PROVEA SL (BARCELONA),CALLE ROSSELLO 515,BARCELONA,
128249,DDI PROVEA SL (BARCELONA),CALLE ROSSELLO 515,BARCELONA,
128249,DDI PROVEA SL (BARCELONA),CALLE ROSSELLO 515,BARCELONA,
128249,DDI PROVEA SL (BARCELONA),CALLE ROSSELLO 515,BARCELONA,
128249,DDI PROVEA SL (BARCELONA),CALLE ROSSELLO 515,BARCELONA,
128249,DDI PROVEA SL (BARCELONA),CALLE ROSSELLO 515,BARCELONA,
128249,DDI PROVEA SL (BARCELONA),CALLE ROSSELLO 515,BARCELONA,
128249,DDI PROVEA SL (BARCELONA),CALLE ROSSELLO 515,BARCELONA,
128249,DDI PROVEA SL (BARCELONA),CALLE ROSSELLO 515,BARCELONA,
128249,DDI PROVEA SL (BARCELONA),CALLE ROSSELLO 515,BARCELONA,
128249,DDI PROVEA SL (BARCELONA),CALLE ROSSELLO 515,BARCELONA,
128249,DDI PROVEA SL (BARCELONA),CALLE ROSSELLO 515,BARCELONA,
128249,DDI PROVEA SL (BARCELONA),CALLE ROSSELLO 515,BARCELONA,
128249,DDI PROVEA SL (BARCELONA),CALLE ROSSELLO 515,BARCELONA,
128249,DDI PROVEA SL (BARCELONA),CALLE ROSSELLO 515,BARCELONA,
128249,DDI PROVEA SL (BARCELONA),CALLE ROSSELLO 515,BARCELONA,
128249,DDI PROVEA SL (BARCELONA),CALLE ROSSELLO 515,BARCELONA,
128249,DDI PROVEA SL (BARCELONA),CALLE ROSSELLO 515,BARCELONA,
128249,DDI PROVEA SL (BARCELONA),CALLE ROSSELLO 515,BARCELONA,
128249,DDI PROVEA SL (BARCELONA),CALLE ROSSELLO 515,BARCELONA,
128249,DDI PROVEA SL (BARCELONA),CALLE ROSSELLO 515,BARCELONA,
128249,DDI PROVEA SL (BARCELONA),CALLE ROSSELLO 515,BARCELONA,
128249,DDI PROVEA SL (BARCELONA),CALLE ROSSELLO 515,BARCELONA,
128249,DDI PROVEA SL (BARCELONA),CALLE ROSSELLO 515,BARCELONA,
128249,DDI PROVEA SL (BARCELONA),CALLE ROSSELLO 515,BARCELONA,
128249,DDI PROVEA SL (BARCELONA),CALLE ROSSELLO 515,BARCELONA,
128249,DDI PROVEA SL (BARCELONA),CALLE ROSSELLO 515,BARCELONA,
128249,DDI PROVEA SL (BARCELONA),CALLE ROSSELLO 515,BARCELONA,
128249,DDI PROVEA SL (BARCELONA),CALLE ROSSELLO 515,BARCELONA,
128249,DDI PROVEA SL (BARCELONA),CALLE ROSSELLO 515,BARCELONA,
128249,DDI PROVEA SL (BARCELONA),CALLE ROSSELLO 515,BARCELONA,
128249,DDI PROVEA SL (BARCELONA),CALLE ROSSELLO 515,BARCELONA,
128249,DDI PROVEA SL (BARCELONA),CALLE ROSSELLO 515,BARCELONA,
128249,DDI PROVEA SL (BARCELONA),CALLE ROSSELLO 515,BARCELONA,
128249,DDI PROVEA SL (BARCELONA),CALLE ROSSELLO 515,BARCELONA,
128249,DDI PROVEA SL (BARCELONA),CALLE ROSSELLO 515,BARCELONA,
128249,DDI PROVEA SL (BARCELONA),CALLE ROSSELLO 515,BARCELONA,
128249,DDI PROVEA SL (BARCELONA),CALLE ROSSELLO 515,BARCELONA,
128249,DDI PROVEA SL (BARCELONA),CALLE ROSSELLO 515,BARCELONA,
128249,DDI PROVEA SL (BARCELONA),CALLE ROSSELLO 515,BARCELONA,
128249,DDI PROVEA SL (BARCELONA),CALLE ROSSELLO 515,BARCELONA,
128249,DDI PROVEA SL (BARCELONA),CALLE ROSSELLO 515,BARCELONA,
128249,DDI PROVEA SL (BARCELONA),CALLE ROSSELLO 515,BARCELONA,
128249,DDI PROVEA SL (BARCELONA),CALLE ROSSELLO 515,BARCELONA,
128249,DDI PROVEA SL (BARCELONA),CALLE ROSSELLO 515,BARCELONA,
128249,DDI PROVEA SL (BARCELONA),CALLE ROSSELLO 515,BARCELONA,
128051,GRANJA ESTEL,RAMBLA NOVA 10,MOLLET DEL VALLÈS,
9100498065,GIN BAR,Avinguda de la Llibertat 20,MOLLET DEL VALLES,
9100501076,PA TONET,PLAZA PORXADA 3,GRANOLLERS,
9100502995,FLECA BRETCHA (HOSPITAL),CALLE FRANSCESC RIBAS 64,GRANOLLERS,
9100503205,BAR FRAYMAN,CALLE ENRIC MORERA 27,MOLLET DEL VALLÈS,00:00:00 - 00:00:00
9100503664,BAR CAFETERIA LLIÇÀ D’AMUNT,CALLE L'ALIANÇA 7,LLIÇÀ D'AMUNT,11:00:00 - 15:00:00
9100529176,BAR LA PLAÇA LES FRANQUESES,PLAZA ESPANYA 10,BELLAVISTA,
9100529181,BAR RESTAURANT GAUDI,Avinguda d'Antoni Gaudí 3,MOLLET DEL VALLES,
9100529300,EL MORDISKITO MONTORNES,CALLE PALAU D'AMETLLA 15,MONTORNÈS DEL VALLÈS,
9100535260,TEATRE AUDITORI (CATERING),CALLE JOSEP TORRAS I BAGES 50,GRANOLLERS,
9100536475,ALFREDO PARODI FURHMAN,RAMBLA NOVA 33-35,MOLLET DEL VALLÈS,
9100536484,CRISTIAN LORENTE AINAUD,AVENIDA L'ALZINAR 11,BARCELONA,
9100536762,' EL NOU' TOÓ RICO,CALLE MAJOR 66,MONTORNÈS DEL VALLÈS,
9100537742,NOU TOÓ RICO (MONTMELÓ),Carrer Major 51,MONTMELÓ,
9100538933,RSTE. CHINO GRAN MUNDO,CALLE GIRONA 12,GRANOLLERS,
9100539485,BAR PHILADELPHIA,Rambla Nova 3,MOLLET DEL VALLES,
9100540782,MAFALDA,AVENIDA RIVOLI 22,MOLLET DEL VALLÈS,
9100541197,CLUB DE FUTBOL MARTORELLES,Carrer de Can Puig S/N,MARTORELLES,
9100542069,BAR BISHOP,PERE RAMON S/N (DARRERA MERCAT S/N,MOLLET DEL VALLÈS,12:00:00 - 12:30:00
9100544203,EXTREMEÑOS BAR,Carrer de Borrell 16,MOLLET DEL VALLES,
9100544826,BROTHERS,CALLE FRANCESC LAYRET 28,MOLLET DEL VALLÈS,
9100545628,PITAPES BERENGUER,BERENGUER III 71,MOLLET DEL VALLÈS,11:30:00 - 13:00:00
9100547290,BAR SERRA LLIÇA,CALLE RIBERA D'EBRE 81,LLIÇÀ D'AMUNT,00:00:00 - 00:00:00
9100550379,BAR LONDEN 2,CALLE CAMP DE LES MORERES 2,GRANOLLERS,
9100552330,RESTAURANT JAPONES SUSHI AKI,Carrer d'Anselm Clavé 13,MOLLET DEL VALLES,
9100553092,GARDEN PIZZA (GRANOLLERS),Carrer de Minetes 29,GRANOLLERS,10:00:00 - 13:00:00
9100553915,LA PLANCHA ÑAM ÑAM,ZONA ESPORTIVA SN,FRANQUESES DEL VALLES (LES),
9100554598,CAL FORNER,AVENIDA SANT ESTEVE 3,GRANOLLERS,
9100556448,CAL TAPA GASTROBAR,CALLE BERENGUER III 168,MOLLET DEL VALLES,
9100556449,ALHAMBRA 57,AVENIDA ANTONI GAUDI 57,MOLLET DEL VALLÈS,
9100558804,TRES TASSES,PLAZA CORONA 4,GRANOLLERS,
9100559291,INDOORWALL GRANOLLERS,CALLE CASTELLTERÇOL 1-3,GRANOLLERS,11:00:00 - 21:00:00
9100560544,CAFETERIA LUISIANA,PASEO JOAN MIRO 8,PARETS DEL VALLES,07:00:00 - 13:00:00
9100562973,RESTAURANTE VII,CALLE CASTELLTERÇOL 15,GRANOLLERS,
9100564349,EL LORO CHARLY RESTAURANT,Carrer de la Carrerada 5,MARTORELLES,
9100566100,OH LA LA,AVENIDA LLUIS COMPANYS 39,PARETS DEL VALLÈS,08:00:00 - 16:30:38
9100566254,BAR TABERNA PARAISO RIM,RAMBLA NOVA 29-31,MOLLET DEL VALLÈS,
9100568067,SUSHI HE GRANOLLERS,CALLE MATARO 6,GRANOLLERS,11:30:00 - 16:00:00
9100568310,BAR CHAMPANILLO,PLAZA MAJOR 24,MOLLET DEL VALLES,
9100569006,PASTISSERIA JOAN,AVENIDA PEDRA DEL DIABLE 6,PARETS DEL VALLES,00:00:00 - 00:00:00
9100574514,COREFO (BAR),AVENIDA CATALUNYA 24,PARETS DEL VALLÈS,00:00:00 - 00:00:00
9100576264,BAR LA BONA SORT ( CAN BORELL ),CALLE GALLECS 50,MOLLET DEL VALLÈS,
9100579782,BAR  EL NOU TUNEL,CALLE MAS ESTAPER 8,GRANOLLERS,00:00:01 - 00:00:02
9100580278,RESTAURANT 'LES ARCADES',GERONA 29,GRANOLLERS,
9100582978,BAR RESTAURANTE FRETES,"RAMBLA NOVA, 69 -",MOLLET DEL VALLÈS,
9100583212,RACO DEL SEMI CACHOPO,CALLE JOAQUIM MIR 88,MOLLET DEL VALLES,
9100591127,MING BAR RESTAURANTE,AVENIDA DE LA LLIBERTAD 53,MOLLET DEL VALLÈS,00:00:00 - 00:00:00
9100591222,EL GRILLAT,CALLE ANSELM CLAVE 2,LLI#A D'AMUNT,
9100591493,LAS PISTAS BAR,PASEO FLUVIAL S/N,PARETS DEL VALLÈS,
9100591545,FRANKFURT LA CANYA,PLAZA LA FONT 2,LLIÇÀ D'AMUNT,
9100596041,CAFETERIA UMAMI,Plaça de Prat de la Riba 18,MOLLET DEL VALLES,
9100596801,JUAN JOSE MIRANDA ABRIL,CALLE MOLI DE CAN BASSA S/N,MOLLET DEL VALLÈS,
9100597581,BAR TOLIN,AVENIDA CATALUNYA 14,LLIÇA DE VALL,
9100601682,LA BONA TECA,BLAS INFANTE 15,MONTORNÈS DEL VALLÈS,
9100601980,MODERN FOOD,CALLE SANT ROC 17,GRANOLLERS,10:30:00 - 16:00:00
9100602372,FRANFURT 151,CARRETERA CALDES 151,LLIÇA D'AMUNT,
9100603628,RESTAURANTE BUENA SUERTE,PASEO MUNTANYA 90,GRANOLLERS,
9100607321,CACHITO PAN,AVENIDA CALDES 27,MOLLET DEL VALLES,
9100607527,BAR CAN MONIC,PLAZA CAN MONIC 6,GRANOLLERS,
9100645059,RESTAURANT CROAKS VIC,ESTACIO 2,VIC,
9100645059,RESTAURANT CROAKS VIC,ESTACIO 2,VIC,
9100250629,CAFE LA PLAÇA,CALLE GOMBAU DE BESORA 1,SANT QUIRZE DE BESORA,
9100495381,QUATREPAMS,AVENIDA EUROPA 21,GRANOLLERS,
9100264285,"PITAPES CALDERI 3 BRANQUES VALLES ,",DEL CALDERI S/N,MOLLET DEL VALLES,
9100264285,"PITAPES CALDERI 3 BRANQUES VALLES ,",DEL CALDERI S/N,MOLLET DEL VALLES,
9100264285,"PITAPES CALDERI 3 BRANQUES VALLES ,",DEL CALDERI S/N,MOLLET DEL VALLES,
9100264285,"PITAPES CALDERI 3 BRANQUES VALLES ,",DEL CALDERI S/N,MOLLET DEL VALLES,
9100663630,EL BART,Carrer de la Riera 25,VIC,
9100722247,El Racó de la Gina,Carretera d'Olot 140,MANLLEU,
9100569087,RAMIREZ BERMUDEZ SERGIO,CALLE PRUIT S/N,VIC,
9100749940,RUSTIK GASTRO BAR,CALLE HORTA 11,MARTORELLES,
