Ruta,Repartidor,Vehículo,orden_recomendado,orden_original,Clientes,ClienteID,Nombre,Dirección,Zona,horario_inicio,horario_fin,criterio_orden
DR0054,855205,11420334,1,1,HOSPITAL DE MANLLEU CUINA,9100582098,HOSPITAL DE MANLLEU CUINA,CARRETERA D'OLOT 7,MANLLEU,,,zona -> horario_inicio -> orden_actual
DR0054,855205,11420334,2,2,HOSPITAL DE MANLLEU CAFETERIA,9100582034,HOSPITAL DE MANLLEU CAFETERIA,Carretera d'Olot 7,MANLLEU,,,zona -> horario_inicio -> orden_actual
DR0054,855205,11420334,3,3,BAR OLIVEDA,9100374147,BAR OLIVEDA,CARRETERA RODA 18,MANLLEU,,,zona -> horario_inicio -> orden_actual
DR0054,855205,11420334,4,4,COMERCIAL F.LEIVA,9100159254,COMERCIAL F.LEIVA,CALLE SOGORB 79,MANLLEU,,,zona -> horario_inicio -> orden_actual
DR0054,855205,11420334,5,5,ESCOLA D'HOSTALERIA D'OSONA,9100058730,ESCOLA D'HOSTALERIA D'OSONA,Passeig de la Suïssa s/n,TONA,,,zona -> horario_inicio -> orden_actual
DR0054,855205,11424838,1,1,Comercial  Bebidas Burj SL,9100662674,Comercial  Bebidas Burj SL,Passeig de la Conca de Besòs 45,GRANOLLERS,,,zona -> horario_inicio -> orden_actual
DR0054,855205,11424839,1,1,Comercial  Bebidas Burj SL,9100662674,Comercial  Bebidas Burj SL,Passeig de la Conca de Besòs 45,GRANOLLERS,,,zona -> horario_inicio -> orden_actual
DR0054,855205,11426279,1,1,ENTREPA I PA,9100745910,ENTREPA I PA,Carrer de la Providència 23,VIC,,,zona -> horario_inicio -> orden_actual
DR0054,855205,11426279,2,2,BUSVIC,9100701784,BUSVIC,Carrer del Pare Gallissà 4,VIC,,,zona -> horario_inicio -> orden_actual
DR0054,855205,11426279,3,3,RESTAURANT CROAKS VIC,9100645059,RESTAURANT CROAKS VIC,ESTACIO 2,VIC,,,zona -> horario_inicio -> orden_actual
DR0054,855205,11426279,4,4,INDIA RAMBLA,9100642838,INDIA RAMBLA,RAMBLA HOSPITAL 44,VIC,,,zona -> horario_inicio -> orden_actual
DR0054,855205,11426279,5,5,CAFETERIA VIVARI,9100617812,CAFETERIA VIVARI,RAMBLA PASSEIG 10,VIC,,,zona -> horario_inicio -> orden_actual
DR0054,855205,11426279,6,6,LLAR JUVENIL,9100577728,LLAR JUVENIL,CALLE PIUS XII 20,VIC,,,zona -> horario_inicio -> orden_actual
DR0054,855205,11426279,7,7,BAR LA TASCA,9100576586,BAR LA TASCA,CALLE MOSSEN LLUIS ROMEU 1,VIC,,,zona -> horario_inicio -> orden_actual
DR0054,855205,11426279,8,8,FORN EL VERDAGUER,9100566266,FORN EL VERDAGUER,Carrer de Jacint Verdaguer 28,VIC,,,zona -> horario_inicio -> orden_actual
DR0054,855205,11426279,9,9,BAR ESTACIO RENFE,9100563102,BAR ESTACIO RENFE,PLAZA ESTACIO S/N,VIC,,,zona -> horario_inicio -> orden_actual
DR0054,855205,11426279,10,10,BOCATTI BAR,9100520726,BOCATTI BAR,Carrer Mossèn Josep Gudiol 21,VIC,,,zona -> horario_inicio -> orden_actual
DR0054,855205,11426279,11,11,TRINACRIA,9100515640,TRINACRIA,CALLE ARQUEBISBE ALEMANY 24,VIC,,,zona -> horario_inicio -> orden_actual
DR0054,855205,11426279,12,12,BAR LA TORTUGA,9100471566,BAR LA TORTUGA,RAMBLA HOSPITAL 31,VIC,,,zona -> horario_inicio -> orden_actual
DR0054,855205,11426279,13,13,GARBI BISTROT,9100294904,GARBI BISTROT,RAMBLA HOSPITAL 8,VIC,,,zona -> horario_inicio -> orden_actual
DR0054,855205,11426279,14,14,FORN ESTADI,9100159004,FORN ESTADI,AVENIDA PIUS XII 18,VIC,,,zona -> horario_inicio -> orden_actual
DR0054,855205,11426279,15,15,BAR LA PISTA,9100058850,BAR LA PISTA,CALLE SOLEDAT 4,VIC,,,zona -> horario_inicio -> orden_actual
DR0054,855205,11426279,16,16,FUSSIMANYA ESTADI,9100058670,FUSSIMANYA ESTADI,CALLE TAGAMANENT 1,VIC,,,zona -> horario_inicio -> orden_actual
DR0054,855205,11426279,17,17,EL PONT GOTIC,9100057605,EL PONT GOTIC,PLAZA ENRIC GONZALEZ I TORNES 1,VIC,,,zona -> horario_inicio -> orden_actual
DR0054,855205,11431180,1,1,SHINGARI SUSHI BAR,9100264654,SHINGARI SUSHI BAR,AVENIDA SANT ESTEVE 59,GRANOLLERS,,,zona -> horario_inicio -> orden_actual
DR0054,855205,11433235,1,4,SALA LA CABRA,9100342026,SALA LA CABRA,CALLE SANT JORDI 9,GURB,,,zona -> horario_inicio -> orden_actual
DR0054,855205,11433235,2,5,LA DISCO VIG,9100735784,LA DISCO VIG,Avinguda de la Ribera 6,GURB,,,zona -> horario_inicio -> orden_actual
DR0054,855205,11433235,3,1,SUSHI YE,9100523487,SUSHI YE,CARRETERA B-521 6,VIC,,,zona -> horario_inicio -> orden_actual
DR0054,855205,11433235,4,2,RESTAURANTE SOFIA,9100343446,RESTAURANTE SOFIA,RODA 95,VIC,,,zona -> horario_inicio -> orden_actual
DR0054,855205,11433235,5,3,PIZZERIA TOSCANA,9100492927,PIZZERIA TOSCANA,CALLE TORELLO 25,VIC,,,zona -> horario_inicio -> orden_actual
DR0054,855205,11433235,6,6,PALACIO DE ORIENTE,9100056384,PALACIO DE ORIENTE,CALLE ANDREU FEBRER 1,VIC,,,zona -> horario_inicio -> orden_actual
DR0054,855205,11433235,7,7,LA CAFE,9100399521,LA CAFE,CALLE LA LLOTJA 9,VIC,,,zona -> horario_inicio -> orden_actual
DR0054,855205,11433235,8,8,EL MOLI,9100453983,EL MOLI,CALLE LA LLOTJA 9,VIC,,,zona -> horario_inicio -> orden_actual
DR0054,855205,11433235,9,9,BAR STACJA PL,9100745478,BAR STACJA PL,Avinguda d'Olímpia 7,VIC,,,zona -> horario_inicio -> orden_actual
DR0054,855205,11433235,10,10,B&B,9100152300,B&B,CALLE LA LLOTJA 3,VIC,,,zona -> horario_inicio -> orden_actual
DR0054,855205,11438699,1,1,RESTAURANT AL GRA,9100723869,RESTAURANT AL GRA,AVINGUDA DEL CASTELL 18,TORELLO,,,zona -> horario_inicio -> orden_actual
DR0054,855205,11438699,2,2,EL BISTROT DEL FIRAL,9100694999,EL BISTROT DEL FIRAL,Plaça Sant Fortià 2,TORELLÓ,,,zona -> horario_inicio -> orden_actual
DR0054,855205,11438699,3,3,RESTAURANT CAL PAGES,9100652762,RESTAURANT CAL PAGES,CALLE GES D'AVALL 4,TORELLÓ,,,zona -> horario_inicio -> orden_actual
DR0054,855205,11438699,4,4,PADEL INDOOR TORELLO,9100633779,PADEL INDOOR TORELLO,C/ ESQUIROL S/N,TORELLÓ,,,zona -> horario_inicio -> orden_actual
DR0054,855205,11438699,5,5,BIG BAG,9100597817,BIG BAG,PLAZA VELLA 11,TORELLÓ,,,zona -> horario_inicio -> orden_actual
DR0054,855205,11438699,6,6,DESIG,9100556955,DESIG,PLAZA LA VILA 2,TORELLÓ,,,zona -> horario_inicio -> orden_actual
DR0054,855205,11438699,7,7,BAR TSE-TSE,9100410610,BAR TSE-TSE,PLAZA VELLA 3,TORELLÓ,,,zona -> horario_inicio -> orden_actual
DR0054,855205,11438699,8,8,BAR RACO JUVENIL,9100252094,BAR RACO JUVENIL,PLAZA JOANOT MARTORELL 19,TORELLÓ,,,zona -> horario_inicio -> orden_actual
DR0054,855205,11438699,9,9,EL GAT BAR,9100126369,EL GAT BAR,CALLE ELS ESTUDIS 13,TORELLÓ,,,zona -> horario_inicio -> orden_actual
DR0054,855205,11438699,10,10,BAR TORNEM-HI,9100126286,BAR TORNEM-HI,CALLE GIRONA 33,TORELLÓ,,,zona -> horario_inicio -> orden_actual
DR0054,855205,11438699,11,11,CAFETERIA BUGATTI,9100112395,CAFETERIA BUGATTI,PLAZA NOVA 2,TORELLÓ,,,zona -> horario_inicio -> orden_actual
DR0054,855205,11438699,12,12,MARINA BAR,9100057906,MARINA BAR,Calle de Enrique Prat de la Riba 15,TORELLÓ,,,zona -> horario_inicio -> orden_actual
DR0054,855205,11438700,1,4,RESTAURANT EL SANTUARI,9100433466,RESTAURANT EL SANTUARI,CALLE MARQUES DE PALMEROLA 7,LES MASIES DE VOLTREGÀ,,,zona -> horario_inicio -> orden_actual
DR0054,855205,11438700,2,3,CASANOVA DEL CASTELL,9100703223,CASANOVA DEL CASTELL,CASA NOVA DEL CASTELL S/N,MONTESQUIU,,,zona -> horario_inicio -> orden_actual
DR0054,855205,11438700,3,1,ELS ENLLETATS,9100736272,ELS ENLLETATS,CARRER AJUNTAMENT 5,SAN VICENÇ DE TORELLO,,,zona -> horario_inicio -> orden_actual
DR0054,855205,11438700,4,2,LA PEDREGADA,9100731938,LA PEDREGADA,Avinguda del camí de la fontsan S/N,SANT PERE DE TORELLÓ,,,zona -> horario_inicio -> orden_actual
DR0054,855205,11438700,5,6,RESTAURANT LA BISAURA,9100369663,RESTAURANT LA BISAURA,CARRETERA VIDRA 2,SANT QUIRZE DE BESORA,,,zona -> horario_inicio -> orden_actual
DR0054,855205,11438700,6,7,CAFE LA PLAÇA,9100250629,CAFE LA PLAÇA,CALLE GOMBAU DE BESORA 1,SANT QUIRZE DE BESORA,,,zona -> horario_inicio -> orden_actual
DR0054,855205,11438700,7,8,SPORT BAR (SANT QUIRZE),9100059082,SPORT BAR (SANT QUIRZE),CARRETERA BERGA 6,SANT QUIRZE DE BESORA,,,zona -> horario_inicio -> orden_actual
DR0054,855205,11438700,8,5,BAR CASAL ST. VICEN#,9100378362,BAR CASAL ST. VICEN#,CALLE MAJOR 4,SANT VICEN# DE TORELLO,,,zona -> horario_inicio -> orden_actual
DR0054,855205,11438700,9,9,BAR CAMP FUTBOL ST VICENÇ TORELLO,9100529186,BAR CAMP FUTBOL ST VICENÇ TORELLO,CALLE VILAMITJANA S/N,SANT VICENÇ DE TORELLÓ,,,zona -> horario_inicio -> orden_actual
DR0054,855205,11443256,1,12,BAR NOU,9100759982,BAR NOU,Parc d'Àngela Roca 7,MANLLEU,,,zona -> horario_inicio -> orden_actual
DR0054,855205,11443256,2,4,BAR CAN PLANOLES,9100722593,BAR CAN PLANOLES,Carrer Ramon Pujols Claveras 42,RODA DE TER,,,zona -> horario_inicio -> orden_actual
DR0054,855205,11443256,3,6,BAR LA MOSSEGADA,9100383438,BAR LA MOSSEGADA,CALLE BAC DE RODA 40,RODA DE TER,,,zona -> horario_inicio -> orden_actual
DR0054,855205,11443256,4,7,BAR SANT SEBASTIA,9100350948,BAR SANT SEBASTIA,CALLE TORRENT 3,RODA DE TER,,,zona -> horario_inicio -> orden_actual
DR0054,855205,11443256,5,9,BAR RESTAURANT THIANA,9100270631,BAR RESTAURANT THIANA,Avinguda Tecla Sala 42,RODA DE TER,,,zona -> horario_inicio -> orden_actual
DR0054,855205,11443256,6,10,E.S. RODA ( BOTIGA ),9100247403,E.S. RODA ( BOTIGA ),CALLE BAC DE RODA 45,RODA DE TER,,,zona -> horario_inicio -> orden_actual
DR0054,855205,11443256,7,11,BAR ESTACIO SERVEI FEIXES AULET ROD,9100160124,BAR ESTACIO SERVEI FEIXES AULET ROD,Carrer d'en Bac de Roda 45,RODA DE TER,,,zona -> horario_inicio -> orden_actual
DR0054,855205,11443256,8,13,FONDA URGELL,9100158623,FONDA URGELL,CALLE BAC DE RODA 44,RODA DE TER,,,zona -> horario_inicio -> orden_actual
DR0054,855205,11443256,9,14,CAFETERIA PIZZERIA EL PONT,9100058617,CAFETERIA PIZZERIA EL PONT,Carrer de Barcelona 71,RODA DE TER,,,zona -> horario_inicio -> orden_actual
DR0054,855205,11443256,10,2,Restaurant Fussimanya,9100736259,Restaurant Fussimanya,Ctra. Parador Km. 7,TAVÈRNOLES,,,zona -> horario_inicio -> orden_actual
DR0054,855205,11443256,11,3,CAN JANOT RESTAURANT,9100736222,CAN JANOT RESTAURANT,Carrer Montseny 15,TAVÈRNOLES,,,zona -> horario_inicio -> orden_actual
DR0054,855205,11443256,12,5,INDIA ''ESCLAT'',9100473659,INDIA ''ESCLAT'',CARRETERA C-17 S/N,TONA,,,zona -> horario_inicio -> orden_actual
DR0054,855205,11443256,13,1,RESTAURANT NOU PAMPLONA HIGIENE,9100755440,RESTAURANT NOU PAMPLONA HIGIENE,Carrer Eix Onze de Setembre 11,VIC,,,zona -> horario_inicio -> orden_actual
DR0054,855205,11443256,14,8,SAKURA II,9100337367,SAKURA II,CALLE MIRAMARGES 8,VIC,,,zona -> horario_inicio -> orden_actual
DR0054,855205,11443256,15,15,RESTAURANT NOU PAMPLONA,9100056689,RESTAURANT NOU PAMPLONA,CALLE EIX ONZE DE SETEMBRE 11,VIC,,,zona -> horario_inicio -> orden_actual
DR0054,855205,11447137,1,2,ANGEL BRUGUERA FONT,9100582039,ANGEL BRUGUERA FONT,LUGAR BRUGUERA S/N,MANLLEU,,,zona -> horario_inicio -> orden_actual
DR0054,855205,11447137,2,3,BAR OLIVEDA,9100374147,BAR OLIVEDA,CARRETERA RODA 18,MANLLEU,,,zona -> horario_inicio -> orden_actual
DR0054,855205,11447137,3,5,CANSALADERIA MOLIST,9100160021,CANSALADERIA MOLIST,CALLE DOCTOR FLEMING 20,MANLLEU,,,zona -> horario_inicio -> orden_actual
DR0054,855205,11447137,4,6,BAR SEGORB NOU,9100467000,BAR SEGORB NOU,CALLE SOGORB 73,MANLLEU,,,zona -> horario_inicio -> orden_actual
DR0054,855205,11447137,5,4,CAN PAIROT,9100305726,CAN PAIROT,Lugar Pairot de Baix s/n,SANTA CECILIA DE VOLTREGÀ,,,zona -> horario_inicio -> orden_actual
DR0054,855205,11447137,6,1,COLLA GRILLATS,9100757707,COLLA GRILLATS,Carrer del Pont 31,TORELLÓ,,,zona -> horario_inicio -> orden_actual
DR0054,855205,11453522,1,1,ELS ENLLETATS,9100736272,ELS ENLLETATS,CARRER AJUNTAMENT 5,SAN VICENÇ DE TORELLO,,,zona -> horario_inicio -> orden_actual
DR0054,855205,11453522,2,2,LA PEDREGADA,9100731938,LA PEDREGADA,Avinguda del camí de la fontsan S/N,SANT PERE DE TORELLÓ,,,zona -> horario_inicio -> orden_actual
DR0054,855205,11453522,3,5,FRANKFURT ES-3,9100122540,FRANKFURT ES-3,CALLE VERDAGUER 2,SANT PERE DE TORELLÓ,,,zona -> horario_inicio -> orden_actual
DR0054,855205,11453522,4,8,BAR XICRA,9100058835,BAR XICRA,CALLE JOSEP VILANOVA 6,SANT PERE DE TORELLÓ,,,zona -> horario_inicio -> orden_actual
DR0054,855205,11453522,5,3,FERRO,9100513817,FERRO,Carrer del Ter 172,TORELLÓ,,,zona -> horario_inicio -> orden_actual
DR0054,855205,11453522,6,4,CAFE DE L'ESGLESIA,9100171360,CAFE DE L'ESGLESIA,CALLE MOSSEN PARASSOLS 1,TORELLÓ,,,zona -> horario_inicio -> orden_actual
DR0054,855205,11453522,7,6,CAL NAN,9100122181,CAL NAN,CALLE ENRIC PRAT DE LA RIBA 7,TORELLÓ,,,zona -> horario_inicio -> orden_actual
DR0054,855205,11453522,8,7,DCAFE,9100059021,DCAFE,CALLE TER 66,TORELLÓ,,,zona -> horario_inicio -> orden_actual
DR0054,855205,11453522,9,9,BRASSERIA EL TRIANGLE COHO,9100058772,BRASSERIA EL TRIANGLE COHO,MATABOSCH C DEL TER 200,TORELLÓ,,,zona -> horario_inicio -> orden_actual
DR0054,855205,11459812,1,1,MANLLEUET Cerveseria Restaurant,9100758135,MANLLEUET Cerveseria Restaurant,Plaça de Fra Bernadí 23,MANLLEU,,,zona -> horario_inicio -> orden_actual
DR0054,855205,11459812,2,2,BAR REST. MANLLEU,9100606155,BAR REST. MANLLEU,AVENIDA ROMA 104,MANLLEU,,,zona -> horario_inicio -> orden_actual
DR0054,855205,11459812,3,3,GRANJA CAFETERIA ROMA,9100593250,GRANJA CAFETERIA ROMA,AVENIDA ROMA 106,MANLLEU,,,zona -> horario_inicio -> orden_actual
DR0054,855205,11459812,4,4,BON PROFIT,9100540106,BON PROFIT,CALLE DOÑ BLANCA 114,MANLLEU,,,zona -> horario_inicio -> orden_actual
DR0054,855205,11459812,5,5,BAR VILAMIROSA,9100536121,BAR VILAMIROSA,CALLE VILAMIROSA 92,MANLLEU,,,zona -> horario_inicio -> orden_actual
DR0054,855205,11459812,6,6,BAR UNIO,9100520242,BAR UNIO,PASEO SANT JOAN 110,MANLLEU,,,zona -> horario_inicio -> orden_actual
DR0054,855205,11459812,7,7,EL MOLINET,9100494853,EL MOLINET,AVENIDA PUIGMAL 100,MANLLEU,,,zona -> horario_inicio -> orden_actual
DR0054,855205,11459812,8,8,BAR ARAMAN,9100420376,BAR ARAMAN,CALLE GARCIA ESTRADA 20,MANLLEU,,,zona -> horario_inicio -> orden_actual
DR0054,855205,11459812,9,9,BAR BUS STOP,9100332707,BAR BUS STOP,PLAZA FRA BERNADI 27,MANLLEU,,,zona -> horario_inicio -> orden_actual
DR0054,855205,11459812,10,10,CROISSANTERIA NACCAR,9100326018,CROISSANTERIA NACCAR,Carrer de Núria 24,MANLLEU,,,zona -> horario_inicio -> orden_actual
DR0054,855205,11459812,11,11,E.S MANLLEU,9100206311,E.S MANLLEU,Carrer Francesc Puget 2,MANLLEU,,,zona -> horario_inicio -> orden_actual
DR0054,855205,11459812,12,12,CAFE ANTIC,9100194884,CAFE ANTIC,CARRETERA BV-5224 (TORELLO) KM 1,MANLLEU,,,zona -> horario_inicio -> orden_actual
DR0054,855205,11459812,13,13,REST.CAL BATLLE,9100169134,REST.CAL BATLLE,AVENIDA PIRINEUS S/N,MANLLEU,,,zona -> horario_inicio -> orden_actual
DR0054,855205,11459812,14,14,FRANFURT 86,9100056427,FRANFURT 86,AVENIDA ROMA 221,MANLLEU,,,zona -> horario_inicio -> orden_actual
DR0054,855205,11465545,1,2,BAR ELS ESTUDIS,9100597250,BAR ELS ESTUDIS,PLAZA AJUNTAMENT S/N,MALLA,,,zona -> horario_inicio -> orden_actual
DR0054,855205,11465545,2,1,Els Angelets de Sobrevia,9100723081,Els Angelets de Sobrevia,Carretera Seva 2,SANT MIQUEL DE BALENYA,,,zona -> horario_inicio -> orden_actual
DR0054,855205,11465545,3,3,RESTAURANT CAL XORIGUER,9100590492,RESTAURANT CAL XORIGUER,CALLE PUIG 2,SANTA EULÀLIA DE RIUPRIMER,,,zona -> horario_inicio -> orden_actual
DR0054,855205,11465545,4,7,"BAR CAN TON, S.C.P",9100169481,"BAR CAN TON, S.C.P",CALLE MAJOR 33,SANTA EULÀLIA DE RIUPRIMER,,,zona -> horario_inicio -> orden_actual
DR0054,855205,11465545,5,4,RESTAURANT LA FERRERIA,9100577693,RESTAURANT LA FERRERIA,"AVENIDA BALNEARI, S/N S/N",TONA,,,zona -> horario_inicio -> orden_actual
DR0054,855205,11465545,6,5,INDIA ''ESCLAT'',9100473659,INDIA ''ESCLAT'',CARRETERA C-17 S/N,TONA,,,zona -> horario_inicio -> orden_actual
DR0054,855205,11465545,7,6,BODEGA CAPDEVILA,9100180416,BODEGA CAPDEVILA,CALLE DOCTOR BAYES 2,TONA,,,zona -> horario_inicio -> orden_actual
DR0054,855205,11465545,8,8,ESCOLA D'HOSTALERIA D'OSONA,9100058730,ESCOLA D'HOSTALERIA D'OSONA,Passeig de la Suïssa s/n,TONA,,,zona -> horario_inicio -> orden_actual
DR0054,855205,11469803,1,9,BAR NOU,9100759982,BAR NOU,Parc d'Àngela Roca 7,MANLLEU,,,zona -> horario_inicio -> orden_actual
DR0054,855205,11469803,2,3,CASANOVA DEL CASTELL,9100703223,CASANOVA DEL CASTELL,CASA NOVA DEL CASTELL S/N,MONTESQUIU,,,zona -> horario_inicio -> orden_actual
DR0054,855205,11469803,3,4,BAR LA MOSSEGADA,9100383438,BAR LA MOSSEGADA,CALLE BAC DE RODA 40,RODA DE TER,,,zona -> horario_inicio -> orden_actual
DR0054,855205,11469803,4,5,BAR SANT SEBASTIA,9100350948,BAR SANT SEBASTIA,CALLE TORRENT 3,RODA DE TER,,,zona -> horario_inicio -> orden_actual
DR0054,855205,11469803,5,6,BAR RESTAURANT THIANA,9100270631,BAR RESTAURANT THIANA,Avinguda Tecla Sala 42,RODA DE TER,,,zona -> horario_inicio -> orden_actual
DR0054,855205,11469803,6,7,E.S. RODA ( BOTIGA ),9100247403,E.S. RODA ( BOTIGA ),CALLE BAC DE RODA 45,RODA DE TER,,,zona -> horario_inicio -> orden_actual
DR0054,855205,11469803,7,8,BAR ESTACIO SERVEI FEIXES AULET ROD,9100160124,BAR ESTACIO SERVEI FEIXES AULET ROD,Carrer d'en Bac de Roda 45,RODA DE TER,,,zona -> horario_inicio -> orden_actual
DR0054,855205,11469803,8,10,FONDA URGELL,9100158623,FONDA URGELL,CALLE BAC DE RODA 44,RODA DE TER,,,zona -> horario_inicio -> orden_actual
DR0054,855205,11469803,9,1,Restaurant Fussimanya,9100736259,Restaurant Fussimanya,Ctra. Parador Km. 7,TAVÈRNOLES,,,zona -> horario_inicio -> orden_actual
DR0054,855205,11469803,10,2,CAN JANOT RESTAURANT,9100736222,CAN JANOT RESTAURANT,Carrer Montseny 15,TAVÈRNOLES,,,zona -> horario_inicio -> orden_actual
DR0054,855205,11469803,11,11,ESCOLA D'HOSTALERIA D'OSONA,9100058730,ESCOLA D'HOSTALERIA D'OSONA,Passeig de la Suïssa s/n,TONA,,,zona -> horario_inicio -> orden_actual
DR0054,855205,11473820,1,1,Bar Tissana,9100728312,Bar Tissana,Carrer de Ripoll 20,MANLLEU,,,zona -> horario_inicio -> orden_actual
DR0054,855205,11473820,2,2,HOSPITAL DE MANLLEU CUINA,9100582098,HOSPITAL DE MANLLEU CUINA,CARRETERA D'OLOT 7,MANLLEU,,,zona -> horario_inicio -> orden_actual
DR0054,855205,11473820,3,3,BAR OLIVEDA,9100374147,BAR OLIVEDA,CARRETERA RODA 18,MANLLEU,,,zona -> horario_inicio -> orden_actual
DR0054,855205,11473820,4,4,COMERCIAL F.LEIVA,9100159254,COMERCIAL F.LEIVA,CALLE SOGORB 79,MANLLEU,,,zona -> horario_inicio -> orden_actual
DR0054,855205,11480077,1,1,BAR DE LA BENZINERA HIGIENE,9100742290,BAR DE LA BENZINERA HIGIENE,CARRETERA N-141 D S/N,CALLDETENES,,,zona -> horario_inicio -> orden_actual
DR0054,855205,11480077,2,3,BAR DE LA BENZINERA,9100572141,BAR DE LA BENZINERA,CARRETERA N-141 D S/N,CALLDETENES,,,zona -> horario_inicio -> orden_actual
DR0054,855205,11480077,3,4,"AGROBOTIGA RODA, SL",9100522381,"AGROBOTIGA RODA, SL",CALLE SANT PERE 32,RODA DE TER,,,zona -> horario_inicio -> orden_actual
DR0054,855205,11480077,4,7,E.S. RODA ( BOTIGA ),9100247403,E.S. RODA ( BOTIGA ),CALLE BAC DE RODA 45,RODA DE TER,,,zona -> horario_inicio -> orden_actual
DR0054,855205,11480077,5,8,BAR ESTACIO SERVEI FEIXES AULET ROD,9100160124,BAR ESTACIO SERVEI FEIXES AULET ROD,Carrer d'en Bac de Roda 45,RODA DE TER,,,zona -> horario_inicio -> orden_actual
DR0054,855205,11480077,6,2,LLAR JUVENIL,9100577728,LLAR JUVENIL,CALLE PIUS XII 20,VIC,,,zona -> horario_inicio -> orden_actual
DR0054,855205,11480077,7,5,ALOE,9100389125,ALOE,MENENDEZ I PELAYO 1,VIC,,,zona -> horario_inicio -> orden_actual
DR0054,855205,11480077,8,6,BAR SOL NOU,9100324575,BAR SOL NOU,PASEO GENERALITAT 8,VIC,,,zona -> horario_inicio -> orden_actual
DR0054,855205,11480077,9,9,FORN DE PA EL REMEI,9100158975,FORN DE PA EL REMEI,CALLE RAIMON D'ABADAL 23,VIC,,,zona -> horario_inicio -> orden_actual
DR0054,855205,11480077,10,10,BAR LA PISTA,9100058850,BAR LA PISTA,CALLE SOLEDAT 4,VIC,,,zona -> horario_inicio -> orden_actual
DR0054,855205,11480077,11,11,FUSSIMANYA ESTADI,9100058670,FUSSIMANYA ESTADI,CALLE TAGAMANENT 1,VIC,,,zona -> horario_inicio -> orden_actual
DR0054,855205,11486743,1,1,LA DISCO VIG,9100735784,LA DISCO VIG,Avinguda de la Ribera 6,GURB,,,zona -> horario_inicio -> orden_actual
DR0054,855205,11486743,2,8,SALA LA CABRA,9100342026,SALA LA CABRA,CALLE SANT JORDI 9,GURB,,,zona -> horario_inicio -> orden_actual
DR0054,855205,11486743,3,2,BAR REST EL TAST,9100649610,BAR REST EL TAST,RAMON SALA I SAÇALA 15,VIC,,,zona -> horario_inicio -> orden_actual
DR0054,855205,11486743,4,3,TALLER MECANIC DAVID HOMS,9100579841,TALLER MECANIC DAVID HOMS,Carrer de Lleida 35,VIC,,,zona -> horario_inicio -> orden_actual
DR0054,855205,11486743,5,4,SUSHI YE,9100523487,SUSHI YE,CARRETERA B-521 6,VIC,,,zona -> horario_inicio -> orden_actual
DR0054,855205,11486743,6,5,PIZZERIA TOSCANA,9100492927,PIZZERIA TOSCANA,CALLE TORELLO 25,VIC,,,zona -> horario_inicio -> orden_actual
DR0054,855205,11486743,7,6,FRANKFURT C'JOAN,9100446439,FRANKFURT C'JOAN,CALLE RIPOLL 53,VIC,,,zona -> horario_inicio -> orden_actual
DR0054,855205,11486743,8,7,RESTAURANTE SOFIA,9100343446,RESTAURANTE SOFIA,RODA 95,VIC,,,zona -> horario_inicio -> orden_actual
DR0054,855205,11486743,9,9,HOTEL BALMES,9100160118,HOTEL BALMES,CALLE FRANCESC PLA EL VIGATA 6,VIC,,,zona -> horario_inicio -> orden_actual
DR0054,855205,11486743,10,10,PALACIO DE ORIENTE,9100056384,PALACIO DE ORIENTE,CALLE ANDREU FEBRER 1,VIC,,,zona -> horario_inicio -> orden_actual
DR0054,855205,11486743,11,11,MGA GP VIC,136675,MGA GP VIC,"CTRA. DE SANT HIPÒLIT, 53 (NAU 4)",VIC,,,zona -> horario_inicio -> orden_actual
DR0054,855205,11491386,1,4,L'ESTANYOL RESTAURANT,9100565827,L'ESTANYOL RESTAURANT,CALLE L'ESTANYOL S/N,EL BRULL,,,zona -> horario_inicio -> orden_actual
DR0054,855205,11491386,2,2,BAR ELS ESTUDIS,9100597250,BAR ELS ESTUDIS,PLAZA AJUNTAMENT S/N,MALLA,,,zona -> horario_inicio -> orden_actual
DR0054,855205,11491386,3,1,Els Angelets de Sobrevia,9100723081,Els Angelets de Sobrevia,Carretera Seva 2,SANT MIQUEL DE BALENYA,,,zona -> horario_inicio -> orden_actual
DR0054,855205,11491386,4,8,MASIA LA ROCA,9100056658,MASIA LA ROCA,CALLE SANTA FE 2,TARADELL,,,zona -> horario_inicio -> orden_actual
DR0054,855205,11491386,5,3,RESTAURANT LA FERRERIA,9100577693,RESTAURANT LA FERRERIA,"AVENIDA BALNEARI, S/N S/N",TONA,,,zona -> horario_inicio -> orden_actual
DR0054,855205,11491386,6,5,INDIA ''ESCLAT'',9100473659,INDIA ''ESCLAT'',CARRETERA C-17 S/N,TONA,,,zona -> horario_inicio -> orden_actual
DR0054,855205,11491386,7,6,FORN PUIGVENDRELLO,9100159110,FORN PUIGVENDRELLO,CALLE BARCELONA 10,TONA,,,zona -> horario_inicio -> orden_actual
DR0054,855205,11491386,8,7,ESCOLA D'HOSTALERIA D'OSONA,9100058730,ESCOLA D'HOSTALERIA D'OSONA,Passeig de la Suïssa s/n,TONA,,,zona -> horario_inicio -> orden_actual
DR0054,855205,11494981,1,3,Restaurant El Roquet,9100736235,Restaurant El Roquet,Carrer Pirineu S/N,TAVERNOLES,,,zona -> horario_inicio -> orden_actual
DR0054,855205,11494981,2,2,Restaurant Fussimanya,9100736259,Restaurant Fussimanya,Ctra. Parador Km. 7,TAVÈRNOLES,,,zona -> horario_inicio -> orden_actual
DR0054,855205,11494981,3,4,CAN JANOT RESTAURANT,9100736222,CAN JANOT RESTAURANT,Carrer Montseny 15,TAVÈRNOLES,,,zona -> horario_inicio -> orden_actual
DR0054,855205,11494981,4,1,RESTAURANT NOU PAMPLONA HIGIENE,9100755440,RESTAURANT NOU PAMPLONA HIGIENE,Carrer Eix Onze de Setembre 11,VIC,,,zona -> horario_inicio -> orden_actual
DR0054,855205,11494981,5,5,RESTAURANT NOU PAMPLONA,9100056689,RESTAURANT NOU PAMPLONA,CALLE EIX ONZE DE SETEMBRE 11,VIC,,,zona -> horario_inicio -> orden_actual
DR0054,855205,11494982,1,1,SUSHI HE GRANOLLERS,9100568067,SUSHI HE GRANOLLERS,CALLE MATARO 6,GRANOLLERS,11:30,16:00,zona -> horario_inicio -> orden_actual
DR0054,855205,11498077,1,1,Restaurant bar Mundial,9100747929,Restaurant bar Mundial,Carrer d'en Santiago Rusiñol 54,MANLLEU,,,zona -> horario_inicio -> orden_actual
DR0054,855205,11498077,2,2,BAR LOS CAZADORES MANLLEU,9100722376,BAR LOS CAZADORES MANLLEU,Avinguda Bellmunt 25,MANLLEU,,,zona -> horario_inicio -> orden_actual
DR0054,855205,11498077,3,3,HOSPITAL DE MANLLEU CUINA,9100582098,HOSPITAL DE MANLLEU CUINA,CARRETERA D'OLOT 7,MANLLEU,,,zona -> horario_inicio -> orden_actual
DR0054,855205,11498077,4,4,HOSPITAL DE MANLLEU CAFETERIA,9100582034,HOSPITAL DE MANLLEU CAFETERIA,Carretera d'Olot 7,MANLLEU,,,zona -> horario_inicio -> orden_actual
DR0054,855205,11498077,5,5,BAR OLIVEDA,9100374147,BAR OLIVEDA,CARRETERA RODA 18,MANLLEU,,,zona -> horario_inicio -> orden_actual
DR0054,855205,11498077,6,7,CANSALADERIA MOLIST,9100160021,CANSALADERIA MOLIST,CALLE DOCTOR FLEMING 20,MANLLEU,,,zona -> horario_inicio -> orden_actual
DR0054,855205,11498077,7,8,COMERCIAL F.LEIVA,9100159254,COMERCIAL F.LEIVA,CALLE SOGORB 79,MANLLEU,,,zona -> horario_inicio -> orden_actual
DR0054,855205,11498077,8,9,ASSOCIACIO DIABLES DEL PONT VELL,9100761923,ASSOCIACIO DIABLES DEL PONT VELL,Avinguda Tecla Sala 40,RODA DE TER,,,zona -> horario_inicio -> orden_actual
DR0054,855205,11498077,9,6,CAN PAIROT,9100305726,CAN PAIROT,Lugar Pairot de Baix s/n,SANTA CECILIA DE VOLTREGÀ,,,zona -> horario_inicio -> orden_actual
DR0054,855205,11503352,1,8,BAR RTE DOCTÑE,9100377532,BAR RTE DOCTÑE,CALLE CARRERADA 11,MARTORELLES,,,zona -> horario_inicio -> orden_actual
DR0054,855205,11503352,2,10,RAIGUER III,9100139142,RAIGUER III,CAN FENOSA 21,MARTORELLES,,,zona -> horario_inicio -> orden_actual
DR0054,855205,11503352,3,3,BAR LOS EXTREMEÑOS,9100617395,BAR LOS EXTREMEÑOS,Passeig de la Ronda 7,MOLLET DEL VALLES,,,zona -> horario_inicio -> orden_actual
DR0054,855205,11503352,4,11,FRANKFURT SANTA MARTA,9100043749,FRANKFURT SANTA MARTA,RONDA 9,MOLLET DEL VALLES,,,zona -> horario_inicio -> orden_actual
DR0054,855205,11503352,5,9,PEPE.COM,9100151684,PEPE.COM,AVENIDA MIL.LENARI 15,MONTMELO,,,zona -> horario_inicio -> orden_actual
DR0054,855205,11503352,6,1,RESTAURANT 69KDIRES,9100749021,RESTAURANT 69KDIRES,Avinguda de Pompeu Fabra 24,MONTMELÓ,,,zona -> horario_inicio -> orden_actual
DR0054,855205,11503352,7,4,HOSTAL SERRA,9100563721,HOSTAL SERRA,MAJOR 1,MONTMELÓ,,,zona -> horario_inicio -> orden_actual
DR0054,855205,11503352,8,12,BAR TONYSA,9100041485,BAR TONYSA,Carrer del Pintor Mir 2,MONTMELÓ,,,zona -> horario_inicio -> orden_actual
DR0054,855205,11503352,9,2,El Racó d'en Joan,9100669904,El Racó d'en Joan,Carrer de Carles Riba 3,MONTORNÈS DEL VALLÈS,00:00,18:00,zona -> horario_inicio -> orden_actual
DR0054,855205,11503352,10,7,BAR MARIA,9100702913,BAR MARIA,Carrer del Sol 3,MONTORNÈS DEL VALLÈS,00:00,18:00,zona -> horario_inicio -> orden_actual
DR0054,855205,11503352,11,5,LA BRUIXETA,9100542820,LA BRUIXETA,Carrer de Jacint Verdaguer 6,MONTORNÈS DEL VALLÈS,,,zona -> horario_inicio -> orden_actual
DR0054,855205,11503352,12,6,PASTELERIA CAFETERIA ELENA,9100468163,PASTELERIA CAFETERIA ELENA,MAJOR 45,MONTORNÈS DEL VALLÈS,,,zona -> horario_inicio -> orden_actual
DR0054,855205,11507690,1,12,BAR KARNAK,9100159144,BAR KARNAK,CALLE MAJOR 12,FOLGUEROLES,,,zona -> horario_inicio -> orden_actual
DR0054,855205,11507690,2,13,IL PICCOLO BIONDO,9100723039,IL PICCOLO BIONDO,CARRER JOSEP UMBERT 42,GRANOLLERS,,,zona -> horario_inicio -> orden_actual
DR0054,855205,11507690,3,1,BAR REST. MANLLEU,9100606155,BAR REST. MANLLEU,AVENIDA ROMA 104,MANLLEU,,,zona -> horario_inicio -> orden_actual
DR0054,855205,11507690,4,2,GRANJA CAFETERIA ROMA,9100593250,GRANJA CAFETERIA ROMA,AVENIDA ROMA 106,MANLLEU,,,zona -> horario_inicio -> orden_actual
DR0054,855205,11507690,5,3,BON PROFIT,9100540106,BON PROFIT,CALLE DOÑ BLANCA 114,MANLLEU,,,zona -> horario_inicio -> orden_actual
DR0054,855205,11507690,6,4,EL MOLINET,9100494853,EL MOLINET,AVENIDA PUIGMAL 100,MANLLEU,,,zona -> horario_inicio -> orden_actual
DR0054,855205,11507690,7,5,BAR ARAMAN,9100420376,BAR ARAMAN,CALLE GARCIA ESTRADA 20,MANLLEU,,,zona -> horario_inicio -> orden_actual
DR0054,855205,11507690,8,6,BAR BUS STOP,9100332707,BAR BUS STOP,PLAZA FRA BERNADI 27,MANLLEU,,,zona -> horario_inicio -> orden_actual
DR0054,855205,11507690,9,7,CROISSANTERIA NACCAR,9100326018,CROISSANTERIA NACCAR,Carrer de Núria 24,MANLLEU,,,zona -> horario_inicio -> orden_actual
DR0054,855205,11507690,10,8,E.S MANLLEU,9100206311,E.S MANLLEU,Carrer Francesc Puget 2,MANLLEU,,,zona -> horario_inicio -> orden_actual
DR0054,855205,11507690,11,9,CAFE ANTIC,9100194884,CAFE ANTIC,CARRETERA BV-5224 (TORELLO) KM 1,MANLLEU,,,zona -> horario_inicio -> orden_actual
DR0054,855205,11507690,12,10,REST.CAL BATLLE,9100169134,REST.CAL BATLLE,AVENIDA PIRINEUS S/N,MANLLEU,,,zona -> horario_inicio -> orden_actual
DR0054,855205,11507690,13,11,BAR KUNDALINI,9100159434,BAR KUNDALINI,CARRETERA OLOT 58,MANLLEU,,,zona -> horario_inicio -> orden_actual
DR0054,855205,11511028,1,8,ESPURNA DEL TER,9100639954,ESPURNA DEL TER,CALLE PIRINEU 8,LES MASIES DE RODA,,,zona -> horario_inicio -> orden_actual
DR0054,855205,11511028,2,1,CAN MARIO,9100738774,CAN MARIO,Carrer del Pla dels Estudiants 40,MANLLEU,,,zona -> horario_inicio -> orden_actual
DR0054,855205,11511028,3,2,PUB XAUXA,9100479427,PUB XAUXA,CALLE ENRIC DELARIS 16,MANLLEU,,,zona -> horario_inicio -> orden_actual
DR0054,855205,11511028,4,3,Bar Tissana,9100728312,Bar Tissana,Carrer de Ripoll 20,MANLLEU,,,zona -> horario_inicio -> orden_actual
DR0054,855205,11511028,5,4,BAR LES VOLTES,9100159298,BAR LES VOLTES,PLAZA FRA BERNADI 15,MANLLEU,,,zona -> horario_inicio -> orden_actual
DR0054,855205,11511028,6,5,BAR LA PARADA,9100158872,BAR LA PARADA,CALLE PUIGSACALM 15,MANLLEU,,,zona -> horario_inicio -> orden_actual
DR0054,855205,11511028,7,6,BAR KOALA,9100158492,BAR KOALA,PLAZA FRA BERNADI 12,MANLLEU,,,zona -> horario_inicio -> orden_actual
DR0054,855205,11511028,8,7,BAR FOMENT,9100637313,BAR FOMENT,ENRIC DELARIS 28,MANLLEU,,,zona -> horario_inicio -> orden_actual
DR0054,855205,11511028,9,9,NOVA OFICINA,9100487378,NOVA OFICINA,AVENIDA ROMA 220,MANLLEU,,,zona -> horario_inicio -> orden_actual
DR0054,855205,11515022,1,8,BAR NOU,9100759982,BAR NOU,Parc d'Àngela Roca 7,MANLLEU,,,zona -> horario_inicio -> orden_actual
DR0054,855205,11515022,2,3,BAR LA MOSSEGADA,9100383438,BAR LA MOSSEGADA,CALLE BAC DE RODA 40,RODA DE TER,,,zona -> horario_inicio -> orden_actual
DR0054,855205,11515022,3,4,BAR SANT SEBASTIA,9100350948,BAR SANT SEBASTIA,CALLE TORRENT 3,RODA DE TER,,,zona -> horario_inicio -> orden_actual
DR0054,855205,11515022,4,5,BAR RESTAURANT THIANA,9100270631,BAR RESTAURANT THIANA,Avinguda Tecla Sala 42,RODA DE TER,,,zona -> horario_inicio -> orden_actual
DR0054,855205,11515022,5,6,E.S. RODA ( BOTIGA ),9100247403,E.S. RODA ( BOTIGA ),CALLE BAC DE RODA 45,RODA DE TER,,,zona -> horario_inicio -> orden_actual
DR0054,855205,11515022,6,7,BAR ESTACIO SERVEI FEIXES AULET ROD,9100160124,BAR ESTACIO SERVEI FEIXES AULET ROD,Carrer d'en Bac de Roda 45,RODA DE TER,,,zona -> horario_inicio -> orden_actual
DR0054,855205,11515022,7,9,FONDA URGELL,9100158623,FONDA URGELL,CALLE BAC DE RODA 44,RODA DE TER,,,zona -> horario_inicio -> orden_actual
DR0054,855205,11515022,8,10,CAFETERIA PIZZERIA EL PONT,9100058617,CAFETERIA PIZZERIA EL PONT,Carrer de Barcelona 71,RODA DE TER,,,zona -> horario_inicio -> orden_actual
DR0054,855205,11515022,9,1,Restaurant Fussimanya,9100736259,Restaurant Fussimanya,Ctra. Parador Km. 7,TAVÈRNOLES,,,zona -> horario_inicio -> orden_actual
DR0054,855205,11515022,10,2,CAN JANOT RESTAURANT,9100736222,CAN JANOT RESTAURANT,Carrer Montseny 15,TAVÈRNOLES,,,zona -> horario_inicio -> orden_actual
DR0054,855205,11515022,11,11,PARADOR VIC - SAU,115740,PARADOR VIC - SAU,CARRETERA BV-5213 KM 10,VIC,,,zona -> horario_inicio -> orden_actual
DR0054,855205,11515023,1,1,SUSHI HE GRANOLLERS,9100568067,SUSHI HE GRANOLLERS,CALLE MATARO 6,GRANOLLERS,11:30,16:00,zona -> horario_inicio -> orden_actual
DR0054,855205,11518035,1,2,BAR DE LA BENZINERA HIGIENE,9100742290,BAR DE LA BENZINERA HIGIENE,CARRETERA N-141 D S/N,CALLDETENES,,,zona -> horario_inicio -> orden_actual
DR0054,855205,11518035,2,1,Restaurant bar Mundial,9100747929,Restaurant bar Mundial,Carrer d'en Santiago Rusiñol 54,MANLLEU,,,zona -> horario_inicio -> orden_actual
DR0054,855205,11518035,3,3,HOSPITAL DE MANLLEU CUINA,9100582098,HOSPITAL DE MANLLEU CUINA,CARRETERA D'OLOT 7,MANLLEU,,,zona -> horario_inicio -> orden_actual
DR0054,855205,11518035,4,4,BAR OLIVEDA,9100374147,BAR OLIVEDA,CARRETERA RODA 18,MANLLEU,,,zona -> horario_inicio -> orden_actual
DR0054,855205,11518035,5,5,COMERCIAL F.LEIVA,9100159254,COMERCIAL F.LEIVA,CALLE SOGORB 79,MANLLEU,,,zona -> horario_inicio -> orden_actual
DR0054,855205,11523784,1,4,MARTU CITY,9100233605,MARTU CITY,PIERA 53,MARTORELLES,00:00,00:00,zona -> horario_inicio -> orden_actual
DR0054,855205,11523784,2,2,EL RECO DEL PLA,9100342550,EL RECO DEL PLA,CALLE FRANCESC LAYRET 19-21,MARTORELLES,,,zona -> horario_inicio -> orden_actual
DR0054,855205,11523784,3,3,CRISTINA BAR,9100238822,CRISTINA BAR,AVENIDA PIERA 33,MARTORELLES,,,zona -> horario_inicio -> orden_actual
DR0054,855205,11523784,4,6,RAIGUER III,9100139142,RAIGUER III,CAN FENOSA 21,MARTORELLES,,,zona -> horario_inicio -> orden_actual
DR0054,855205,11523784,5,7,PARADIS GRANJA,9100112714,PARADIS GRANJA,CALLE LA PRIMAVERA 10,MARTORELLES,,,zona -> horario_inicio -> orden_actual
DR0054,855205,11523784,6,8,BAR CABALLERO (OCAÑA),9100054923,BAR CABALLERO (OCAÑA),AVENIDA PIERA 45,MARTORELLES,,,zona -> horario_inicio -> orden_actual
DR0054,855205,11523784,7,9,(RESTAURANT) SPORT & HEALTH OXIGEN,128916,(RESTAURANT) SPORT & HEALTH OXIGEN,"CALLE VERNEDA 66-70, LOCAL 2",MARTORELLES,,,zona -> horario_inicio -> orden_actual
DR0054,855205,11523784,8,5,NOU HOLIDAYS,9100199450,NOU HOLIDAYS,CALLE L'ESTRELLA 12,MONTORNES DEL VALLES,09:00,20:00,zona -> horario_inicio -> orden_actual
DR0054,855205,11523784,9,1,EL MORDISKITO MONTORNES,9100529300,EL MORDISKITO MONTORNES,CALLE PALAU D'AMETLLA 15,MONTORNÈS DEL VALLÈS,,,zona -> horario_inicio -> orden_actual
DR0054,855205,11529183,1,1,BAR CAMP DE TIR,9100759429,BAR CAMP DE TIR,Carretera de Manlleu km 4,GURB,,,zona -> horario_inicio -> orden_actual
DR0054,855205,11529183,2,2,BAR STACJA PL,9100745478,BAR STACJA PL,Avinguda d'Olímpia 7,VIC,,,zona -> horario_inicio -> orden_actual
DR0054,855205,11529183,3,3,SARABÀ,9100735783,SARABÀ,Carrer de Mataró 5,VIC,,,zona -> horario_inicio -> orden_actual
DR0054,855205,11529183,4,4,BAR UE VIC,9100669635,BAR UE VIC,AVENIDA OLIMPIA S/N,VIC,,,zona -> horario_inicio -> orden_actual
DR0054,855205,11529183,5,5,LA TAGLIATELLA POLIGON,9100592884,LA TAGLIATELLA POLIGON,MANLLEU 54,VIC,,,zona -> horario_inicio -> orden_actual
DR0054,855205,11529183,6,6,"BOTANIC & FRUITS, S.L.",9100577691,"BOTANIC & FRUITS, S.L.",Carrer Santiago Ramon y Cajal 93,VIC,,,zona -> horario_inicio -> orden_actual
DR0054,855205,11529183,7,7,SUSHI YE,9100523487,SUSHI YE,CARRETERA B-521 6,VIC,,,zona -> horario_inicio -> orden_actual
DR0054,855205,11529183,8,8,PIZZERIA TOSCANA,9100492927,PIZZERIA TOSCANA,CALLE TORELLO 25,VIC,,,zona -> horario_inicio -> orden_actual
DR0054,855205,11529183,9,9,EL MOLI,9100453983,EL MOLI,CALLE LA LLOTJA 9,VIC,,,zona -> horario_inicio -> orden_actual
DR0054,855205,11529183,10,10,FRANKFURT C'JOAN,9100446439,FRANKFURT C'JOAN,CALLE RIPOLL 53,VIC,,,zona -> horario_inicio -> orden_actual
DR0054,855205,11529183,11,11,CINEMES SUCRE,9100411152,CINEMES SUCRE,CALLE LA LLOTJA 9,VIC,,,zona -> horario_inicio -> orden_actual
DR0054,855205,11529183,12,12,LA CAFE,9100399521,LA CAFE,CALLE LA LLOTJA 9,VIC,,,zona -> horario_inicio -> orden_actual
DR0054,855205,11529183,13,13,RESTAURANTE SOFIA,9100343446,RESTAURANTE SOFIA,RODA 95,VIC,,,zona -> horario_inicio -> orden_actual
DR0054,855205,11529183,14,14,BAR ATLANTIDA,9100766575,BAR ATLANTIDA,Carrer de Francesc Maria Masferre 4,VIC,,,zona -> horario_inicio -> orden_actual
DR0054,855205,11529183,15,15,BAR AVINGUDA,9100126373,BAR AVINGUDA,AVENIDA SANT BERNAT CALBO 42,VIC,,,zona -> horario_inicio -> orden_actual
DR0054,855205,11529183,16,16,PALACIO DE ORIENTE,9100056384,PALACIO DE ORIENTE,CALLE ANDREU FEBRER 1,VIC,,,zona -> horario_inicio -> orden_actual
DR0054,855205,11529183,17,17,MGA GP VIC,136675,MGA GP VIC,"CTRA. DE SANT HIPÒLIT, 53 (NAU 4)",VIC,,,zona -> horario_inicio -> orden_actual
DR0054,855205,11529183,18,18,BK VIC,118136,BK VIC,MANLLEU 30-32,VIC,,,zona -> horario_inicio -> orden_actual
DR0054,855205,11534282,1,6,BAR ISLA CRISTINA,9100198106,BAR ISLA CRISTINA,CALLE PALAU D'AMETLLA 14,MONTORNES DEL VALLES,09:00,14:00,zona -> horario_inicio -> orden_actual
DR0054,855205,11534282,2,7,GRANJA SANTIAGO,9100129120,GRANJA SANTIAGO,CALLE BLAS INFANTE 8,MONTORNES DEL VALLES,,,zona -> horario_inicio -> orden_actual
DR0054,855205,11534282,3,8,BAR SALON DEPORTIVO,9100055925,BAR SALON DEPORTIVO,BLAS INFANTE 2,MONTORNES DEL VALLES,,,zona -> horario_inicio -> orden_actual
DR0054,855205,11534282,4,5,BAR CULIBLANCO - CAMPO FUTBOL ATLET,9100296409,BAR CULIBLANCO - CAMPO FUTBOL ATLET,Carrer del Gran Vial 3,MONTORNÈS DEL VALLÈS,09:00,11:30,zona -> horario_inicio -> orden_actual
DR0054,855205,11534282,5,1,CHURROS CRUZ,9100725417,CHURROS CRUZ,Plaça de Pau Picasso 1,MONTORNÈS DEL VALLÈS,,,zona -> horario_inicio -> orden_actual
DR0054,855205,11534282,6,2,WOOD & COFFEE,9100724298,WOOD & COFFEE,Carrer de Jacint Verdaguer 9,MONTORNÈS DEL VALLÈS,,,zona -> horario_inicio -> orden_actual
DR0054,855205,11534282,7,4,EL MORDISKITO MONTORNES,9100529300,EL MORDISKITO MONTORNES,CALLE PALAU D'AMETLLA 15,MONTORNÈS DEL VALLÈS,,,zona -> horario_inicio -> orden_actual
DR0054,855205,11534282,8,3,LOS CUESTAS,9100613076,LOS CUESTAS,Carrer Joaquim Blume 13,SANT FOST DE CAMPSENTELLES,,,zona -> horario_inicio -> orden_actual
DR0054,855205,11534283,1,8,BAR CABALLERO (OCAÑA),9100054923,BAR CABALLERO (OCAÑA),AVENIDA PIERA 45,MARTORELLES,,,zona -> horario_inicio -> orden_actual
DR0054,855205,11534283,2,7,RTE. CA LA POLI,9100055035,RTE. CA LA POLI,CALLE MAJOR 61,MONTORNES DEL VALLES,00:00,13:00,zona -> horario_inicio -> orden_actual
DR0054,855205,11534283,3,5,LA PLAÇA BAR,9100169606,LA PLAÇA BAR,PLAZA PAISOS CATALANS 1,MONTORNES DEL VALLES,,,zona -> horario_inicio -> orden_actual
DR0054,855205,11534283,4,6,CAN SALA,9100125812,CAN SALA,JOSEP TERRADELLAS SN,MONTORNES DEL VALLES,,,zona -> horario_inicio -> orden_actual
DR0054,855205,11534283,5,9,BAR 28,9100043540,BAR 28,MAJOR 28,MONTORNES DEL VALLES,,,zona -> horario_inicio -> orden_actual
DR0054,855205,11534283,6,4,BAR LA CUCA,9100563722,BAR LA CUCA,BLAS INFANTE 22,MONTORNÈS DEL VALLÈS,12:00,12:30,zona -> horario_inicio -> orden_actual
DR0054,855205,11534283,7,1,JJ BAR,9100650976,JJ BAR,Avinguda de la Mare de Déu de Mo 26,MONTORNÈS DEL VALLÈS,,,zona -> horario_inicio -> orden_actual
DR0054,855205,11534283,8,2,AMBIGU,9100650953,AMBIGU,Carrer Major 64,MONTORNÈS DEL VALLÈS,,,zona -> horario_inicio -> orden_actual
DR0054,855205,11534283,9,3,LA BONA TECA,9100601682,LA BONA TECA,BLAS INFANTE 15,MONTORNÈS DEL VALLÈS,,,zona -> horario_inicio -> orden_actual
DR0054,855205,11541526,1,1,HOSPITAL DE MANLLEU CUINA,9100582098,HOSPITAL DE MANLLEU CUINA,CARRETERA D'OLOT 7,MANLLEU,,,zona -> horario_inicio -> orden_actual
DR0054,855205,11541526,2,2,BAR KANGMIYU,9100485303,BAR KANGMIYU,CALLE LLEIDA 58,MANLLEU,,,zona -> horario_inicio -> orden_actual
DR0054,855205,11541526,3,3,BAR OLIVEDA,9100374147,BAR OLIVEDA,CARRETERA RODA 18,MANLLEU,,,zona -> horario_inicio -> orden_actual
DR0054,855205,11541526,4,4,CANSALADERIA MOLIST,9100160021,CANSALADERIA MOLIST,CALLE DOCTOR FLEMING 20,MANLLEU,,,zona -> horario_inicio -> orden_actual
DR0054,855205,11541526,5,6,ESCOLA D'HOSTALERIA D'OSONA,9100058730,ESCOLA D'HOSTALERIA D'OSONA,Passeig de la Suïssa s/n,TONA,,,zona -> horario_inicio -> orden_actual
DR0054,855205,11541526,6,5,AREA DELS PARDALS-GASOLI,9100059229,AREA DELS PARDALS-GASOLI,CALLE SABADELL 04-jun,VIC,,,zona -> horario_inicio -> orden_actual
DR0054,855205,11546759,1,7,BAR DE LA BENZINERA HIGIENE,9100742290,BAR DE LA BENZINERA HIGIENE,CARRETERA N-141 D S/N,CALLDETENES,,,zona -> horario_inicio -> orden_actual
DR0054,855205,11546759,2,8,BAR DE LA BENZINERA,9100572141,BAR DE LA BENZINERA,CARRETERA N-141 D S/N,CALLDETENES,,,zona -> horario_inicio -> orden_actual
DR0054,855205,11546759,3,1,CANDELA,9100730075,CANDELA,Plaça de la Catedral 6,VIC,,,zona -> horario_inicio -> orden_actual
DR0054,855205,11546759,4,2,RESTAURANT CROAKS VIC,9100645059,RESTAURANT CROAKS VIC,ESTACIO 2,VIC,,,zona -> horario_inicio -> orden_actual
DR0054,855205,11546759,5,3,INDIA RAMBLA,9100642838,INDIA RAMBLA,RAMBLA HOSPITAL 44,VIC,,,zona -> horario_inicio -> orden_actual
DR0054,855205,11546759,6,4,GARBI BISTROT,9100294904,GARBI BISTROT,RAMBLA HOSPITAL 8,VIC,,,zona -> horario_inicio -> orden_actual
DR0054,855205,11546759,7,5,FORN EL VERDAGUER,9100566266,FORN EL VERDAGUER,Carrer de Jacint Verdaguer 28,VIC,,,zona -> horario_inicio -> orden_actual
DR0054,855205,11546759,8,6,BAR ESTACIO RENFE,9100563102,BAR ESTACIO RENFE,PLAZA ESTACIO S/N,VIC,,,zona -> horario_inicio -> orden_actual
DR0054,855205,11546759,9,9,RESTAURANT NOU PAMPLONA HIGIENE,9100755440,RESTAURANT NOU PAMPLONA HIGIENE,Carrer Eix Onze de Setembre 11,VIC,,,zona -> horario_inicio -> orden_actual
DR0054,855205,11546759,10,10,RESTAURANT NOU PAMPLONA,9100056689,RESTAURANT NOU PAMPLONA,CALLE EIX ONZE DE SETEMBRE 11,VIC,,,zona -> horario_inicio -> orden_actual
DR0054,855205,11546759,11,11,BAR TENNIS VIC,9100717724,BAR TENNIS VIC,AVENIDA OLIMPIA S/N,VIC,,,zona -> horario_inicio -> orden_actual
DR0054,855205,11546759,12,12,BAR STACJA PL,9100745478,BAR STACJA PL,Avinguda d'Olímpia 7,VIC,,,zona -> horario_inicio -> orden_actual
DR0054,855205,11546759,13,13,BAR RTE.ZEFIR BEGUDES,9100058399,BAR RTE.ZEFIR BEGUDES,CALLE EIX ONZE DE SETEMBRE 29,VIC,,,zona -> horario_inicio -> orden_actual
DR0054,855205,11552442,1,15,CAFETERIA ATREZZO,9100253034,CAFETERIA ATREZZO,CALLE ERMITA DE SANT SIXT 11,VIC,11:30,13:00,zona -> horario_inicio -> orden_actual
DR0054,855205,11552442,2,1,Vacanal Jubany - Hamburgueseria,9100727009,Vacanal Jubany - Hamburgueseria,Plaça Major 36,VIC,,,zona -> horario_inicio -> orden_actual
DR0054,855205,11552442,3,2,LA CIUTAT DELS SANTS,9100541928,LA CIUTAT DELS SANTS,CALLE SANT ANTONI MARIA CLARET 1,VIC,,,zona -> horario_inicio -> orden_actual
DR0054,855205,11552442,4,3,GRANJA XOCOLATERIA''LA CLAU,9100059399,GRANJA XOCOLATERIA''LA CLAU,PLAZA SANTS MARTIRS 12,VIC,,,zona -> horario_inicio -> orden_actual
DR0054,855205,11552442,5,4,El Celler d'en Miquel,9100755818,El Celler d'en Miquel,Plaça de l'Estació 1,VIC,,,zona -> horario_inicio -> orden_actual
DR0054,855205,11552442,6,5,CARBO,9100345891,CARBO,CALLE DUES SOLES 8,VIC,,,zona -> horario_inicio -> orden_actual
DR0054,855205,11552442,7,6,CAL GAT CAFETERIA RESTAURANT,9100760072,CAL GAT CAFETERIA RESTAURANT,Rambla del Passeig 39,VIC,,,zona -> horario_inicio -> orden_actual
DR0054,855205,11552442,8,7,CAFETERIA SANT JORDI,9100521875,CAFETERIA SANT JORDI,CALLE MANLLEU 42,VIC,,,zona -> horario_inicio -> orden_actual
DR0054,855205,11552442,9,8,CAFE VIC,9100215822,CAFE VIC,Carrer del Pare Coll 2,VIC,,,zona -> horario_inicio -> orden_actual
DR0054,855205,11552442,10,9,CAFE PASTISSERIA BRUGUER,9100057428,CAFE PASTISSERIA BRUGUER,CALLE JAUME I EL CONQUERIDOR 3,VIC,,,zona -> horario_inicio -> orden_actual
DR0054,855205,11552442,11,10,LA BONA TAULA,9100151045,LA BONA TAULA,CALLE MARE DE DEU DE LORDA 2,VIC,,,zona -> horario_inicio -> orden_actual
DR0054,855205,11552442,12,11,EL RETORN,9100609140,EL RETORN,CALLE SANT FRANCESC 110,VIC,,,zona -> horario_inicio -> orden_actual
DR0054,855205,11552442,13,12,LA CAFE,9100399521,LA CAFE,CALLE LA LLOTJA 9,VIC,,,zona -> horario_inicio -> orden_actual
DR0054,855205,11552442,14,13,EL MOLI,9100453983,EL MOLI,CALLE LA LLOTJA 9,VIC,,,zona -> horario_inicio -> orden_actual
DR0054,855205,11552442,15,14,CINEMES SUCRE,9100411152,CINEMES SUCRE,CALLE LA LLOTJA 9,VIC,,,zona -> horario_inicio -> orden_actual
DR0054,855205,11552442,16,16,COFFEE & BAKERY CAN PAU,9100540322,COFFEE & BAKERY CAN PAU,CALLE CAN PAU RABA 1,VIC,,,zona -> horario_inicio -> orden_actual
DR0054,855205,11557101,1,4,EL BARETU,9100682560,EL BARETU,PASEO TER S/N,MONTESQUIU,,,zona -> horario_inicio -> orden_actual
DR0054,855205,11557101,2,12,LA PEDREGADA,9100731938,LA PEDREGADA,Avinguda del camí de la fontsan S/N,SANT PERE DE TORELLÓ,,,zona -> horario_inicio -> orden_actual
DR0054,855205,11557101,3,1,SPORT BAR (SANT QUIRZE),9100059082,SPORT BAR (SANT QUIRZE),CARRETERA BERGA 6,SANT QUIRZE DE BESORA,,,zona -> horario_inicio -> orden_actual
DR0054,855205,11557101,4,2,RESTAURANT LA BISAURA,9100369663,RESTAURANT LA BISAURA,CARRETERA VIDRA 2,SANT QUIRZE DE BESORA,,,zona -> horario_inicio -> orden_actual
DR0054,855205,11557101,5,3,CAFE LA PLAÇA,9100250629,CAFE LA PLAÇA,CALLE GOMBAU DE BESORA 1,SANT QUIRZE DE BESORA,,,zona -> horario_inicio -> orden_actual
DR0054,855205,11557101,6,11,BAR CASAL ST. VICEN#,9100378362,BAR CASAL ST. VICEN#,CALLE MAJOR 4,SANT VICEN# DE TORELLO,,,zona -> horario_inicio -> orden_actual
DR0054,855205,11557101,7,5,SUPERMERCAT ROVIRA,9100059171,SUPERMERCAT ROVIRA,CALLE EL CANIGO 68,TORELLÓ,,,zona -> horario_inicio -> orden_actual
DR0054,855205,11557101,8,6,MARINA BAR,9100057906,MARINA BAR,Calle de Enrique Prat de la Riba 15,TORELLÓ,,,zona -> horario_inicio -> orden_actual
DR0054,855205,11557101,9,7,EL GAT BAR,9100126369,EL GAT BAR,CALLE ELS ESTUDIS 13,TORELLÓ,,,zona -> horario_inicio -> orden_actual
DR0054,855205,11557101,10,8,EL BISTROT DEL FIRAL,9100694999,EL BISTROT DEL FIRAL,Plaça Sant Fortià 2,TORELLÓ,,,zona -> horario_inicio -> orden_actual
DR0054,855205,11557101,11,9,BIG BAG,9100597817,BIG BAG,PLAZA VELLA 11,TORELLÓ,,,zona -> horario_inicio -> orden_actual
DR0054,855205,11557101,12,10,BAR TSE-TSE,9100410610,BAR TSE-TSE,PLAZA VELLA 3,TORELLÓ,,,zona -> horario_inicio -> orden_actual
DR0054,855205,11557160,1,1,RESTAURANT CAL PAGES,9100652762,RESTAURANT CAL PAGES,CALLE GES D'AVALL 4,TORELLÓ,,,zona -> horario_inicio -> orden_actual
DR0054,855205,11561380,1,12,BAR NOU,9100759982,BAR NOU,Parc d'Àngela Roca 7,MANLLEU,,,zona -> horario_inicio -> orden_actual
DR0054,855205,11561380,2,4,FONDA URGELL,9100158623,FONDA URGELL,CALLE BAC DE RODA 44,RODA DE TER,,,zona -> horario_inicio -> orden_actual
DR0054,855205,11561380,3,5,E.S. RODA ( BOTIGA ),9100247403,E.S. RODA ( BOTIGA ),CALLE BAC DE RODA 45,RODA DE TER,,,zona -> horario_inicio -> orden_actual
DR0054,855205,11561380,4,6,CAMP DE FUTBOL DE RODA,9100372136,CAMP DE FUTBOL DE RODA,AVENIDA TECLA SALA S/N,RODA DE TER,,,zona -> horario_inicio -> orden_actual
DR0054,855205,11561380,5,7,CAFETERIA PIZZERIA EL PONT,9100058617,CAFETERIA PIZZERIA EL PONT,Carrer de Barcelona 71,RODA DE TER,,,zona -> horario_inicio -> orden_actual
DR0054,855205,11561380,6,8,BAR SANT SEBASTIA,9100350948,BAR SANT SEBASTIA,CALLE TORRENT 3,RODA DE TER,,,zona -> horario_inicio -> orden_actual
DR0054,855205,11561380,7,9,BAR LA MOSSEGADA,9100383438,BAR LA MOSSEGADA,CALLE BAC DE RODA 40,RODA DE TER,,,zona -> horario_inicio -> orden_actual
DR0054,855205,11561380,8,10,BAR ESTACIO SERVEI FEIXES AULET ROD,9100160124,BAR ESTACIO SERVEI FEIXES AULET ROD,Carrer d'en Bac de Roda 45,RODA DE TER,,,zona -> horario_inicio -> orden_actual
DR0054,855205,11561380,9,11,BAR CAN PLANOLES,9100722593,BAR CAN PLANOLES,Carrer Ramon Pujols Claveras 42,RODA DE TER,,,zona -> horario_inicio -> orden_actual
DR0054,855205,11561380,10,1,Restaurant Fussimanya,9100736259,Restaurant Fussimanya,Ctra. Parador Km. 7,TAVÈRNOLES,,,zona -> horario_inicio -> orden_actual
DR0054,855205,11561380,11,2,CAN JANOT RESTAURANT,9100736222,CAN JANOT RESTAURANT,Carrer Montseny 15,TAVÈRNOLES,,,zona -> horario_inicio -> orden_actual
DR0054,855205,11561380,12,3,PARADOR VIC - SAU,115740,PARADOR VIC - SAU,CARRETERA BV-5213 KM 10,VIC,,,zona -> horario_inicio -> orden_actual
DR0054,855205,11561531,1,1,SUSHI HE GRANOLLERS,9100568067,SUSHI HE GRANOLLERS,CALLE MATARO 6,GRANOLLERS,11:30,16:00,zona -> horario_inicio -> orden_actual
DR0054,855205,11561531,2,2,BK GRANOLLERS,118135,BK GRANOLLERS,"MATAGALLS, S/N (ESQUINA C/CAMI DEL",GRANOLLERS,,,zona -> horario_inicio -> orden_actual
DR0054,855205,11591183,1,4,TANCAMENTS USART-COMA,9100453364,TANCAMENTS USART-COMA,Carrer de Doña Blanca 168,MANLLEU,,,zona -> horario_inicio -> orden_actual
DR0054,855205,11591183,2,1,BAR L'OLLA,9100581337,BAR L'OLLA,CALLE DOCTOR JUNYENT 8,VIC,,,zona -> horario_inicio -> orden_actual
DR0054,855205,11591183,3,2,JAUME COSTA,9100738149,JAUME COSTA,Plaça de la Pietat 1,VIC,,,zona -> horario_inicio -> orden_actual
DR0054,855205,11591183,4,3,CAFETERIA LISA,9100058486,CAFETERIA LISA,Rambla de Josep Tarradellas 11,VIC,,,zona -> horario_inicio -> orden_actual
DR0054,855205,11591184,1,1,COMERCIAL F.LEIVA,9100159254,COMERCIAL F.LEIVA,CALLE SOGORB 79,MANLLEU,,,zona -> horario_inicio -> orden_actual
DR0054,855205,11591184,2,2,BAR WEI,9100747472,BAR WEI,Carrer de Tarragona 50,MANLLEU,,,zona -> horario_inicio -> orden_actual
DR0054,855205,11591184,3,3,BAR SEGORB NOU,9100467000,BAR SEGORB NOU,CALLE SOGORB 73,MANLLEU,,,zona -> horario_inicio -> orden_actual
DR0054,855205,11591184,4,4,BAR KANGMIYU,9100485303,BAR KANGMIYU,CALLE LLEIDA 58,MANLLEU,,,zona -> horario_inicio -> orden_actual
DR0054,855205,11596992,1,6,BAR DE LA BENZINERA HIGIENE,9100742290,BAR DE LA BENZINERA HIGIENE,CARRETERA N-141 D S/N,CALLDETENES,,,zona -> horario_inicio -> orden_actual
DR0054,855205,11596992,2,7,BAR DE LA BENZINERA,9100572141,BAR DE LA BENZINERA,CARRETERA N-141 D S/N,CALLDETENES,,,zona -> horario_inicio -> orden_actual
DR0054,855205,11596992,3,1,GUSTUM AREAS 2 (GIRONA-LLEIDA),9100058476,GUSTUM AREAS 2 (GIRONA-LLEIDA),"CARRETERA C-25 EIX TRANSVE KM 174,6",GURB,,,zona -> horario_inicio -> orden_actual
DR0054,855205,11596992,4,2,GUSTUM AREAS 1 (LLEIDA-GIRONA),9100058446,GUSTUM AREAS 1 (LLEIDA-GIRONA),"CARRETERA C-25 EIX TRANSVE KM 174,6",GURB,,,zona -> horario_inicio -> orden_actual
DR0054,855205,11596992,5,3,E.S. RODA ( BOTIGA ),9100247403,E.S. RODA ( BOTIGA ),CALLE BAC DE RODA 45,RODA DE TER,,,zona -> horario_inicio -> orden_actual
DR0054,855205,11596992,6,4,BAR ESTACIO SERVEI FEIXES AULET ROD,9100160124,BAR ESTACIO SERVEI FEIXES AULET ROD,Carrer d'en Bac de Roda 45,RODA DE TER,,,zona -> horario_inicio -> orden_actual
DR0054,855205,11596992,7,5,"AGROBOTIGA RODA, SL",9100522381,"AGROBOTIGA RODA, SL",CALLE SANT PERE 32,RODA DE TER,,,zona -> horario_inicio -> orden_actual
DR0054,855205,11603526,1,1,XAVIER LOPEZ CUINA SENSORIAL,9100681243,XAVIER LOPEZ CUINA SENSORIAL,CARRER PINTOR GUARDIA 6,MANLLEU,,,zona -> horario_inicio -> orden_actual
DR0054,855205,11603526,2,2,MANLLEUET Cerveseria Restaurant,9100758135,MANLLEUET Cerveseria Restaurant,Plaça de Fra Bernadí 23,MANLLEU,,,zona -> horario_inicio -> orden_actual
DR0054,855205,11603526,3,3,HLT,9100766615,HLT,Carrer Doctor Fleming 53,MANLLEU,,,zona -> horario_inicio -> orden_actual
DR0054,855205,11603526,4,4,GRANJA CAFETERIA ROMA,9100593250,GRANJA CAFETERIA ROMA,AVENIDA ROMA 106,MANLLEU,,,zona -> horario_inicio -> orden_actual
DR0054,855205,11603526,5,5,El Racó de la Gina,9100722247,El Racó de la Gina,Carretera d'Olot 140,MANLLEU,,,zona -> horario_inicio -> orden_actual
DR0054,855205,11603526,6,6,E.S MANLLEU,9100206311,E.S MANLLEU,Carrer Francesc Puget 2,MANLLEU,,,zona -> horario_inicio -> orden_actual
DR0054,855205,11603526,7,7,CROISSANTERIA NACCAR,9100326018,CROISSANTERIA NACCAR,Carrer de Núria 24,MANLLEU,,,zona -> horario_inicio -> orden_actual
DR0054,855205,11603526,8,8,CAFE ANTIC,9100194884,CAFE ANTIC,CARRETERA BV-5224 (TORELLO) KM 1,MANLLEU,,,zona -> horario_inicio -> orden_actual
DR0054,855205,11603526,9,9,BON PROFIT,9100540106,BON PROFIT,CALLE DOÑ BLANCA 114,MANLLEU,,,zona -> horario_inicio -> orden_actual
DR0054,855205,11603526,10,10,BAR REST. MANLLEU,9100606155,BAR REST. MANLLEU,AVENIDA ROMA 104,MANLLEU,,,zona -> horario_inicio -> orden_actual
DR0054,855205,11603526,11,11,BAR ARAMAN,9100420376,BAR ARAMAN,CALLE GARCIA ESTRADA 20,MANLLEU,,,zona -> horario_inicio -> orden_actual
DR0054,855205,11608970,1,2,PUB XAUXA,9100479427,PUB XAUXA,CALLE ENRIC DELARIS 16,MANLLEU,,,zona -> horario_inicio -> orden_actual
DR0054,855205,11608970,2,3,BAR VILLA,9100639016,BAR VILLA,PLAZA DALT VILA 12,MANLLEU,,,zona -> horario_inicio -> orden_actual
DR0054,855205,11608970,3,4,BAR PUIG-MEALS,9100562472,BAR PUIG-MEALS,CALLE SOGORB 35-37,MANLLEU,,,zona -> horario_inicio -> orden_actual
DR0054,855205,11608970,4,5,BAR NOU,9100759982,BAR NOU,Parc d'Àngela Roca 7,MANLLEU,,,zona -> horario_inicio -> orden_actual
DR0054,855205,11608970,5,6,BAR LOS CAZADORES MANLLEU,9100722376,BAR LOS CAZADORES MANLLEU,Avinguda Bellmunt 25,MANLLEU,,,zona -> horario_inicio -> orden_actual
DR0054,855205,11608970,6,7,BAR LES VOLTES,9100159298,BAR LES VOLTES,PLAZA FRA BERNADI 15,MANLLEU,,,zona -> horario_inicio -> orden_actual
DR0054,855205,11608970,7,8,BAR LA PARADA,9100158872,BAR LA PARADA,CALLE PUIGSACALM 15,MANLLEU,,,zona -> horario_inicio -> orden_actual
DR0054,855205,11608970,8,9,BAR KOALA,9100158492,BAR KOALA,PLAZA FRA BERNADI 12,MANLLEU,,,zona -> horario_inicio -> orden_actual
DR0054,855205,11608970,9,10,BAR KANGMIYU,9100485303,BAR KANGMIYU,CALLE LLEIDA 58,MANLLEU,,,zona -> horario_inicio -> orden_actual
DR0054,855205,11608970,10,11,BAR FOMENT,9100637313,BAR FOMENT,ENRIC DELARIS 28,MANLLEU,,,zona -> horario_inicio -> orden_actual
DR0054,855205,11608970,11,12,BAR BUS STOP,9100332707,BAR BUS STOP,PLAZA FRA BERNADI 27,MANLLEU,,,zona -> horario_inicio -> orden_actual
DR0054,855205,11608970,12,1,INDIA ''ESCLAT'',9100473659,INDIA ''ESCLAT'',CARRETERA C-17 S/N,TONA,,,zona -> horario_inicio -> orden_actual
DR0054,855205,11613535,1,4,CREPERIA,9100158833,CREPERIA,Plaça de Fra Bernadí 32,MANLLEU,,,zona -> horario_inicio -> orden_actual
DR0054,855205,11613535,2,15,BAR NOU,9100759982,BAR NOU,Parc d'Àngela Roca 7,MANLLEU,,,zona -> horario_inicio -> orden_actual
DR0054,855205,11613535,3,6,FONDA URGELL,9100158623,FONDA URGELL,CALLE BAC DE RODA 44,RODA DE TER,,,zona -> horario_inicio -> orden_actual
DR0054,855205,11613535,4,7,E.S. RODA ( BOTIGA ),9100247403,E.S. RODA ( BOTIGA ),CALLE BAC DE RODA 45,RODA DE TER,,,zona -> horario_inicio -> orden_actual
DR0054,855205,11613535,5,8,CAMP DE FUTBOL DE RODA,9100372136,CAMP DE FUTBOL DE RODA,AVENIDA TECLA SALA S/N,RODA DE TER,,,zona -> horario_inicio -> orden_actual
DR0054,855205,11613535,6,9,CAFETERIA PIZZERIA EL PONT,9100058617,CAFETERIA PIZZERIA EL PONT,Carrer de Barcelona 71,RODA DE TER,,,zona -> horario_inicio -> orden_actual
DR0054,855205,11613535,7,10,BAR SANT SEBASTIA,9100350948,BAR SANT SEBASTIA,CALLE TORRENT 3,RODA DE TER,,,zona -> horario_inicio -> orden_actual
DR0054,855205,11613535,8,11,BAR RESTAURANT THIANA,9100270631,BAR RESTAURANT THIANA,Avinguda Tecla Sala 42,RODA DE TER,,,zona -> horario_inicio -> orden_actual
DR0054,855205,11613535,9,12,BAR LA MOSSEGADA,9100383438,BAR LA MOSSEGADA,CALLE BAC DE RODA 40,RODA DE TER,,,zona -> horario_inicio -> orden_actual
DR0054,855205,11613535,10,13,BAR ESTACIO SERVEI FEIXES AULET ROD,9100160124,BAR ESTACIO SERVEI FEIXES AULET ROD,Carrer d'en Bac de Roda 45,RODA DE TER,,,zona -> horario_inicio -> orden_actual
DR0054,855205,11613535,11,14,BAR CAN PLANOLES,9100722593,BAR CAN PLANOLES,Carrer Ramon Pujols Claveras 42,RODA DE TER,,,zona -> horario_inicio -> orden_actual
DR0054,855205,11613535,12,1,Restaurant Fussimanya,9100736259,Restaurant Fussimanya,Ctra. Parador Km. 7,TAVÈRNOLES,,,zona -> horario_inicio -> orden_actual
DR0054,855205,11613535,13,2,CAN JANOT RESTAURANT,9100736222,CAN JANOT RESTAURANT,Carrer Montseny 15,TAVÈRNOLES,,,zona -> horario_inicio -> orden_actual
DR0054,855205,11613535,14,3,ESCOLA D'HOSTALERIA D'OSONA,9100058730,ESCOLA D'HOSTALERIA D'OSONA,Passeig de la Suïssa s/n,TONA,,,zona -> horario_inicio -> orden_actual
DR0054,855205,11613535,15,5,PARADOR VIC - SAU,115740,PARADOR VIC - SAU,CARRETERA BV-5213 KM 10,VIC,,,zona -> horario_inicio -> orden_actual
DR0054,855205,11618174,1,2,COMERCIAL F.LEIVA,9100159254,COMERCIAL F.LEIVA,CALLE SOGORB 79,MANLLEU,,,zona -> horario_inicio -> orden_actual
DR0054,855205,11618174,2,3,BON PROFIT,9100540106,BON PROFIT,CALLE DOÑ BLANCA 114,MANLLEU,,,zona -> horario_inicio -> orden_actual
DR0054,855205,11618174,3,4,BAR VILLA,9100639016,BAR VILLA,PLAZA DALT VILA 12,MANLLEU,,,zona -> horario_inicio -> orden_actual
DR0054,855205,11618174,4,5,"AGROBOTIGA RODA, SL",9100522381,"AGROBOTIGA RODA, SL",CALLE SANT PERE 32,RODA DE TER,,,zona -> horario_inicio -> orden_actual
DR0054,855205,11618174,5,1,CAN JANOT RESTAURANT,9100736222,CAN JANOT RESTAURANT,Carrer Montseny 15,TAVÈRNOLES,,,zona -> horario_inicio -> orden_actual
DR0054,855205,11624116,1,14,RESTAURANT EL ROSER,9100057776,RESTAURANT EL ROSER,Avinguda Pau Casals 22,CALLDETENES,,,zona -> horario_inicio -> orden_actual
DR0054,855205,11624116,2,15,BAR DE LA BENZINERA HIGIENE,9100742290,BAR DE LA BENZINERA HIGIENE,CARRETERA N-141 D S/N,CALLDETENES,,,zona -> horario_inicio -> orden_actual
DR0054,855205,11624116,3,16,BAR DE LA BENZINERA,9100572141,BAR DE LA BENZINERA,CARRETERA N-141 D S/N,CALLDETENES,,,zona -> horario_inicio -> orden_actual
DR0054,855205,11624116,4,17,BAR AUDITORI TEATRE CALLDETENES,9100491082,BAR AUDITORI TEATRE CALLDETENES,PLAZA ONZE DE SETEMBRE 1,CALLDETENES,,,zona -> horario_inicio -> orden_actual
DR0054,855205,11624116,5,4,GUSTUM AREAS 2 (GIRONA-LLEIDA),9100058476,GUSTUM AREAS 2 (GIRONA-LLEIDA),"CARRETERA C-25 EIX TRANSVE KM 174,6",GURB,,,zona -> horario_inicio -> orden_actual
DR0054,855205,11624116,6,5,GUSTUM AREAS 1 (LLEIDA-GIRONA),9100058446,GUSTUM AREAS 1 (LLEIDA-GIRONA),"CARRETERA C-25 EIX TRANSVE KM 174,6",GURB,,,zona -> horario_inicio -> orden_actual
DR0054,855205,11624116,7,6,REST.CAL BATLLE,9100169134,REST.CAL BATLLE,AVENIDA PIRINEUS S/N,MANLLEU,,,zona -> horario_inicio -> orden_actual
DR0054,855205,11624116,8,7,MANLLEUET Cerveseria Restaurant,9100758135,MANLLEUET Cerveseria Restaurant,Plaça de Fra Bernadí 23,MANLLEU,,,zona -> horario_inicio -> orden_actual
DR0054,855205,11624116,9,8,E.S MANLLEU,9100206311,E.S MANLLEU,Carrer Francesc Puget 2,MANLLEU,,,zona -> horario_inicio -> orden_actual
DR0054,855205,11624116,10,9,CAFETERIA CATALUNYA,9100577717,CAFETERIA CATALUNYA,Carrer del Montseny 98,MANLLEU,,,zona -> horario_inicio -> orden_actual
DR0054,855205,11624116,11,10,BAR REST. MANLLEU,9100606155,BAR REST. MANLLEU,AVENIDA ROMA 104,MANLLEU,,,zona -> horario_inicio -> orden_actual
DR0054,855205,11624116,12,11,BAR QUINTO I TAPA,9100158995,BAR QUINTO I TAPA,CARRETERA OLOT 77,MANLLEU,,,zona -> horario_inicio -> orden_actual
DR0054,855205,11624116,13,12,BAR PIRRI,9100253099,BAR PIRRI,PLAZA SARDANA 1,MANLLEU,,,zona -> horario_inicio -> orden_actual
DR0054,855205,11624116,14,13,BAR MERCAT,9100057531,BAR MERCAT,CALLE PINTOR GUARDIA 6,MANLLEU,,,zona -> horario_inicio -> orden_actual
DR0054,855205,11624116,15,1,MGA GP VIC,136675,MGA GP VIC,"CTRA. DE SANT HIPÒLIT, 53 (NAU 4)",VIC,,,zona -> horario_inicio -> orden_actual
DR0054,855205,11624116,16,2,LA TAGLIATELLA POLIGON,9100592884,LA TAGLIATELLA POLIGON,MANLLEU 54,VIC,,,zona -> horario_inicio -> orden_actual
DR0054,855205,11624116,17,3,BK VIC,118136,BK VIC,MANLLEU 30-32,VIC,,,zona -> horario_inicio -> orden_actual
